[{"senderKeyId":1158608897,"senderChainKey":{"iteration":9,"seed":"+S9fQqmGBc07QcnGfL9HJUwsgaysoD5/4/9V6YoNNMQ="},"senderSigningKey":{"public":"BSDO3vCAJqWJADVjyH801T6isUYBsSaCxm9TrDDHV4MT"},"senderMessageKeys":[]},{"senderKeyId":1158608897,"senderChainKey":{"iteration":8,"seed":"XdFfdOaxERV5Tg+XaLRacQx/SiX0a/WNvDabaT6ngiM="},"senderSigningKey":{"public":"BSDO3vCAJqWJADVjyH801T6isUYBsSaCxm9TrDDHV4MT"},"senderMessageKeys":[]},{"senderKeyId":240595374,"senderChainKey":{"iteration":4,"seed":"JxkWM8hXCHVvoq1lfLE80Vt+TWu7j5bFCA8kNRmQZDI="},"senderSigningKey":{"public":"BWhGAUzWeuIxuKEGTlomJggW+BXBBo9PtmLY7k/e6JZm"},"senderMessageKeys":[]},{"senderKeyId":240595374,"senderChainKey":{"iteration":3,"seed":"pFe+wnlURaWNMI9dHQ+S2kyNjwkcdHzrstSC+mz8QdQ="},"senderSigningKey":{"public":"BWhGAUzWeuIxuKEGTlomJggW+BXBBo9PtmLY7k/e6JZm"},"senderMessageKeys":[]}]