[{"senderKeyId":1139824016,"senderChainKey":{"iteration":1,"seed":"Vfx1ORQVBsvzbifYc8eWyIgie0Oj4XJJ/XBdorlCGcM="},"senderSigningKey":{"public":"Bfkg2ipIYoN7P3Pwn97EC3uUCLqCbyUDcZHbuVyCONo2"},"senderMessageKeys":[]},{"senderKeyId":191192633,"senderChainKey":{"iteration":1,"seed":"eanht2Wug5Zb4Mq1/QcJ7PhY/L5xbAk8HIINRScf6/o="},"senderSigningKey":{"public":"BYXi1hhyEpgjY85NW7jFnqj3QJo6sZRXrsKAjrc5izER"},"senderMessageKeys":[]},{"senderKeyId":1345487083,"senderChainKey":{"iteration":3,"seed":"v4/cxZMb9KZxc3MXWzxj/NvBeGxhoT8As/At81pXmJY="},"senderSigningKey":{"public":"BTunyg4sqYBdQMmRzyEBXuLa3FTLTMI72fLOC+XvCjIq"},"senderMessageKeys":[]},{"senderKeyId":1345487083,"senderChainKey":{"iteration":2,"seed":"+VnI+VerPrtz43meVMHHj3/MpocuEB5HDekcnHUg0B0="},"senderSigningKey":{"public":"BTunyg4sqYBdQMmRzyEBXuLa3FTLTMI72fLOC+XvCjIq"},"senderMessageKeys":[]}]