[{"senderKeyId":1327310423,"senderChainKey":{"iteration":56,"seed":"t8yjnkya00jVBL5M+jMRXawwuefo4gp4go1K8DKY47w="},"senderSigningKey":{"public":"BQB2O3MpRB8MUgq/29f+Qm1aTYUSm2LBKmeFaZRjFJsz"},"senderMessageKeys":[]},{"senderKeyId":1327310423,"senderChainKey":{"iteration":2,"seed":"Rr4X+Leeo8KBJDh4c3guPtlRi5vbT3RyCmVXyZ4fSG8="},"senderSigningKey":{"public":"BQB2O3MpRB8MUgq/29f+Qm1aTYUSm2LBKmeFaZRjFJsz"},"senderMessageKeys":[]},{"senderKeyId":1399564109,"senderChainKey":{"iteration":51,"seed":"1I8m9DZrEJRBxuqwcmp9QC738aBd9ZXEBRMnECJa0h4="},"senderSigningKey":{"public":"BaQ9fX5AZrb65K3+n/1B9NfVQ2cKoY54vaNwdcRfcwVj"},"senderMessageKeys":[{}]},{"senderKeyId":1965102952,"senderChainKey":{"iteration":10,"seed":"X8o6+DeslVKpaX/gMSbuD94FH06ACjQPFHCGh3KHhVM="},"senderSigningKey":{"public":"Bf5mrOG1dNKC+FPtt1EbMHdzQNC/xTMEJpKO5o0bHvIK"},"senderMessageKeys":[]},{"senderKeyId":1200047275,"senderChainKey":{"iteration":27,"seed":"z0mdmIq8p/kHUAQyMhh4Emu0GVJdOr6hWxTq2Y+cjww="},"senderSigningKey":{"public":"BXxx0iDTBAte3ZC4ZFqFVo0IfDmheW73qWl4+ahFCGlE"},"senderMessageKeys":[{},{}]},{"senderKeyId":802063387,"senderChainKey":{"iteration":5,"seed":"jQwgJBHW5yHtrpzAOPbxGnR9BcY6DG4opJkbobKP3Kc="},"senderSigningKey":{"public":"Bc12XwT35cG7sbcUooAyKDwHnQOm3IeO7JdNf0hya6Bl"},"senderMessageKeys":[]}]