[{"senderKeyId":1986346884,"senderChainKey":{"iteration":2,"seed":"yjSuqGvkvxwRN5gFwR3xqFsGgGGVnsGrK7zo5QOQJuM="},"senderSigningKey":{"public":"BdgwDEFn8nh+WHR8cQGA34oxbLu7uOMvwTOFQaXj2zRs"},"senderMessageKeys":[]},{"senderKeyId":700589184,"senderChainKey":{"iteration":3,"seed":"vwPFgmTclSoozLL+gUjmAJ3oSzGvMbzWc9cmwT2uc1M="},"senderSigningKey":{"public":"BWOH4lABR3FCU2CnngPpHeZXCYQOaqwT2jXt1c4PZVhz"},"senderMessageKeys":[]},{"senderKeyId":708072578,"senderChainKey":{"iteration":1,"seed":"9TCPe5Fo0AiGS/VOtHfonJIC+/jDXEsc0Fe2L/rk+rU="},"senderSigningKey":{"public":"BZLlNNfr4ny++l0k5yGPReDzM/cKbjxxwpgnKMJ1P/MG"},"senderMessageKeys":[]}]