[{"senderKeyId":721335696,"senderChainKey":{"iteration":15,"seed":"kinR5oXrDqrpIdW1zkEnJ733Y6tX3xmalCvCd4StXEU="},"senderSigningKey":{"public":"Beco0PYL9mU4q75rIP5rmqDVcNFMcKwijAwi6bW9/NlT"},"senderMessageKeys":[]},{"senderKeyId":721335696,"senderChainKey":{"iteration":1,"seed":"fgBCD0XWa+vV1SbV/+/PkvXan2gV7RTD6d1IpchlUKI="},"senderSigningKey":{"public":"Beco0PYL9mU4q75rIP5rmqDVcNFMcKwijAwi6bW9/NlT"},"senderMessageKeys":[]},{"senderKeyId":721335696,"senderChainKey":{"iteration":9,"seed":"KJi/gHJ3YP+Nyo9Zs3Ze03KnyRhPTVdhSZRX5ru/J5U="},"senderSigningKey":{"public":"Beco0PYL9mU4q75rIP5rmqDVcNFMcKwijAwi6bW9/NlT"},"senderMessageKeys":[]},{"senderKeyId":721335696,"senderChainKey":{"iteration":11,"seed":"vxuGHYzLnKcEXxCkzyOyJcX/8Ho9SfhoBub32Ce1t+Y="},"senderSigningKey":{"public":"Beco0PYL9mU4q75rIP5rmqDVcNFMcKwijAwi6bW9/NlT"},"senderMessageKeys":[]},{"senderKeyId":2123173844,"senderChainKey":{"iteration":5,"seed":"O/PFtoh1N3drbkSYHbLf/gvZx6q032dfYeHpJxHM0nY="},"senderSigningKey":{"public":"BX0sDzdiLIP72un+eKysSJm8/LNkeWQJ9RKmqPzwmTRw"},"senderMessageKeys":[]},{"senderKeyId":2010896536,"senderChainKey":{"iteration":5,"seed":"b6+beXw+Bkxzf0/i+xTsRyKqOrdCI5NnrmQ1od1bq/g="},"senderSigningKey":{"public":"BaJf4t3LeFJqXXAoKuMhDpv8gUlNHVse3vj3bRkcJKs+"},"senderMessageKeys":[]},{"senderKeyId":1467516103,"senderChainKey":{"iteration":7,"seed":"uZeuMIUuXfnMIJ37FSGBlZFa2HGFPr2AsO/KQPju5ys="},"senderSigningKey":{"public":"BcaWAe5Q8239upRxSCU/10CbnKnlbqCle81oiec+1bhm"},"senderMessageKeys":[]},{"senderKeyId":554123397,"senderChainKey":{"iteration":7,"seed":"xmVVNGrUxUoxlRonMmKkE46FXqkd3O6Roi9WfWhOz3w="},"senderSigningKey":{"public":"BYiaQVkfJVOjBu7J5F/cwf4otP4WB5/nE0QC0El+9gJA"},"senderMessageKeys":[]}]