[{"senderKeyId":1257646716,"senderChainKey":{"iteration":13,"seed":"zlZQAPL7mAV0CTj2I4QIucn8loNtOp5g2rY99m3CTNM="},"senderSigningKey":{"public":"BegPIjky0PJQvik+OY6v4UqlZUM4QC9adh4RAAdH3UwJ"},"senderMessageKeys":[]},{"senderKeyId":401228678,"senderChainKey":{"iteration":21,"seed":"IthyEppQXl/rtA/FcxeReEOV7cZzx9kiBZXDNM79phA="},"senderSigningKey":{"public":"BXYtyW7Fjs96AEAFJrwy7CIp8XnTlJX96xhvF+8Gn84U"},"senderMessageKeys":[]},{"senderKeyId":620881658,"senderChainKey":{"iteration":7,"seed":"wI8VhP2GGgEw95kBRCdsYjIXKZ/rpkQe6ruwFXeeCu4="},"senderSigningKey":{"public":"BR0x9N2OVhUmB88FRMEZXW6Y122VbfIo1OzHCxtK56wL"},"senderMessageKeys":[]},{"senderKeyId":1506162052,"senderChainKey":{"iteration":4,"seed":"g8uhY+rhhcMHOCeLfZGdtHj8nAef9DlVYFqjRzRojX8="},"senderSigningKey":{"public":"BUAP9CwXSsGAPTPqiH2wAsHDq3JcHrGxP9LnOLXScIYD"},"senderMessageKeys":[]},{"senderKeyId":662533675,"senderChainKey":{"iteration":1,"seed":"6rLyRc1qR1EDU1E9eJtbYDims8LFnMDjhn6u3uEq21o="},"senderSigningKey":{"public":"BRMAbHTEiUakRB/3gp7d99YM2uF5GZaZKFZfRHySLqRA"},"senderMessageKeys":[]},{"senderKeyId":437198137,"senderChainKey":{"iteration":2,"seed":"HE6EJCQStwrbzhADwPxYLyPnGX0GwACPQt4oC1IlrsI="},"senderSigningKey":{"public":"BUguazlIB/IvzquGAU0voT6CLuZQjJIBmqnmtxpdC6wL"},"senderMessageKeys":[]}]