[{"senderKeyId":1482422463,"senderChainKey":{"iteration":3,"seed":"siMR/chS+C8nK1wcdXZkSZg2agXCspEhUurMl0/4xd4="},"senderSigningKey":{"public":"BYjKtc//19MLCfh7YnhcMtD872Wq/RBPmVvDEL/fT1AO"},"senderMessageKeys":[]},{"senderKeyId":1401082757,"senderChainKey":{"iteration":1,"seed":"N+OBcQnxOsoDuQ7Z+1cnN9ZFyo/q+V0haQ1oHn9Ex2k="},"senderSigningKey":{"public":"BW4qG+zDhrBBUUzNz3kpg4dV17b/1BY3fTTqwJsEaYIu"},"senderMessageKeys":[]},{"senderKeyId":1793926609,"senderChainKey":{"iteration":1,"seed":"a2lzpyFUE8E96zk5pStSCrn6GRshEoaZcyYNWoGzDpI="},"senderSigningKey":{"public":"BeFvi/4mk+OExkMAGrIn5QKAznCRdAR3e+PeQY/Ub8py"},"senderMessageKeys":[]}]