[{"senderKeyId":1950872967,"senderChainKey":{"iteration":5,"seed":"QztFhayswxl3fYXTAh1Swi4KRtPphzlMn4C3mz280gM="},"senderSigningKey":{"public":"BRaEA9YEazu7vsAyq0hUqDVQv6s8gn1m19lbihwtvnFR"},"senderMessageKeys":[]},{"senderKeyId":1185591349,"senderChainKey":{"iteration":2,"seed":"rAgEJb6Cl7v9vgJtr9Oc7lpRFBaDg2kjMaWHbtoP31Q="},"senderSigningKey":{"public":"BYYTRs7usLLQw/oVXUkcH2W0105F3Va3s6h6zf+AjxV2"},"senderMessageKeys":[]},{"senderKeyId":741511443,"senderChainKey":{"iteration":11,"seed":"gba9da/V3U+ZQiGQNB5jkt/tvRX2JdNnH99rbXrt7BQ="},"senderSigningKey":{"public":"BQdGps5ejPsi/sUeAbFy1eVL/DFd8IqChmBqgVLgF3pu"},"senderMessageKeys":[]},{"senderKeyId":1184869986,"senderChainKey":{"iteration":10,"seed":"Kg6jYeqYr6e5uWtk9el8QPeVBs9RPs/RfCwJtC0SQM0="},"senderSigningKey":{"public":"Bd4uLVoeMOrB8VpmD7QvbgqyZQCF+I1dzGQo9b1CP8Aq"},"senderMessageKeys":[]},{"senderKeyId":1184869986,"senderChainKey":{"iteration":7,"seed":"c2Dr/bouYeFig/N7yGNo/4YQ5j06pBPwtpEdrLcBkTs="},"senderSigningKey":{"public":"Bd4uLVoeMOrB8VpmD7QvbgqyZQCF+I1dzGQo9b1CP8Aq"},"senderMessageKeys":[]},{"senderKeyId":1392193463,"senderChainKey":{"iteration":6,"seed":"F0ycRWbj2srqFlerRGyWhtcNSRQ+CexwrtcDCT7jkSo="},"senderSigningKey":{"public":"BbYvz8/fxs68Pf/VdgBCmkVSV9+vi3pHpoOg5B3tYtpU"},"senderMessageKeys":[]},{"senderKeyId":564046976,"senderChainKey":{"iteration":13,"seed":"m9JcPgfWJEHMNXGEQ4QF5Mso7Tp2B1YH/ergFQZ7P2g="},"senderSigningKey":{"public":"BZRvtmL2bcwZ5UrzyIPJAc9lU67Nmu3VRx2gq7Cb11AR"},"senderMessageKeys":[]},{"senderKeyId":564046976,"senderChainKey":{"iteration":8,"seed":"eHK4QA9ul9JNmKRmuErgfYsuy/Zz9LHz54oz6Jz18eI="},"senderSigningKey":{"public":"BZRvtmL2bcwZ5UrzyIPJAc9lU67Nmu3VRx2gq7Cb11AR"},"senderMessageKeys":[]},{"senderKeyId":1064221844,"senderChainKey":{"iteration":14,"seed":"/t73voSHFJyoboS1aW9M4MCqIMBueeHM1fA57kSos3c="},"senderSigningKey":{"public":"BR92xhAcXTereypCbzipcTCRl74pZotdBcg0M/okF3Ax"},"senderMessageKeys":[]}]