[{"senderKeyId":517869412,"senderChainKey":{"iteration":366,"seed":"QaS1BGuKMYGCKuAYJiF8ExSVWlMfJh61VYdVrzmEUic="},"senderSigningKey":{"public":"BbPpSwoweuH5d4LmhGTfn2r5L1kaarIpWqeI9W6HEcMe"},"senderMessageKeys":[{"iteration":5,"seed":"zc10xpxlK+anAGAbWqqD9ebyY0JSDriMNyDu6nxYCRQ="},{"iteration":9,"seed":"B3gZs+kVUZTtL2NtngjfsGsTLji9q9TPKYwqBrQ1xv0="},{"iteration":11,"seed":"Zmj9l0cnvOfWxDBa7SOk/KZbDEmUI+vq4P3sjKcMR7w="},{},{},{},{},{},{},{},{},{},{},{},{},{},{},{},{},{},{},{},{},{},{},{},{},{},{},{},{},{},{},{},{},{},{},{},{},{},{},{},{},{},{},{},{},{},{},{},{},{},{},{},{},{},{},{},{},{},{},{},{},{},{},{},{},{},{},{},{},{},{},{},{},{},{},{},{},{},{},{},{},{},{},{},{},{},{},{},{},{},{},{},{},{},{},{},{},{},{},{},{},{},{},{},{},{},{},{},{},{},{},{},{},{},{},{},{},{},{},{},{},{},{},{},{},{},{},{},{},{},{},{},{},{},{},{},{},{},{},{},{},{},{},{},{},{},{},{},{},{},{},{},{},{},{},{},{},{},{},{},{},{},{},{},{},{},{},{},{},{},{},{},{},{},{},{},{},{},{},{},{},{},{},{},{},{},{},{},{},{},{},{},{},{},{},{},{},{},{},{},{},{},{},{},{}]},{"senderKeyId":517869412,"senderChainKey":{"iteration":184,"seed":"vgU6UlZFm+NEG5/jq/ZGKC8A618BT++vBLTNwsg+8OM="},"senderSigningKey":{"public":"BbPpSwoweuH5d4LmhGTfn2r5L1kaarIpWqeI9W6HEcMe"},"senderMessageKeys":[]},{"senderKeyId":517869412,"senderChainKey":{"iteration":185,"seed":"kOz2CRZuMiTf2BbLB2jzT6IQzb0Bqyt6/t5bHPRlPSw="},"senderSigningKey":{"public":"BbPpSwoweuH5d4LmhGTfn2r5L1kaarIpWqeI9W6HEcMe"},"senderMessageKeys":[]},{"senderKeyId":517869412,"senderChainKey":{"iteration":187,"seed":"4AcX85UJ257cjV6EQAZdqSxd/N3f2VRXT92kzDynSZE="},"senderSigningKey":{"public":"BbPpSwoweuH5d4LmhGTfn2r5L1kaarIpWqeI9W6HEcMe"},"senderMessageKeys":[]},{"senderKeyId":517869412,"senderChainKey":{"iteration":188,"seed":"x1RCSxcLmnN7B2XVvVPncutc+dj9Cw18YJP6V3+igK4="},"senderSigningKey":{"public":"BbPpSwoweuH5d4LmhGTfn2r5L1kaarIpWqeI9W6HEcMe"},"senderMessageKeys":[]},{"senderKeyId":517869412,"senderChainKey":{"iteration":189,"seed":"2kCJWLtPjjPkUQ6JIvtkozAeLMGB4/m5B2IdhckBMyc="},"senderSigningKey":{"public":"BbPpSwoweuH5d4LmhGTfn2r5L1kaarIpWqeI9W6HEcMe"},"senderMessageKeys":[]},{"senderKeyId":517869412,"senderChainKey":{"iteration":190,"seed":"QQzZgJs3CWCQ4rI/6N2v73PZl2AVLxpjkhfP5r47tI0="},"senderSigningKey":{"public":"BbPpSwoweuH5d4LmhGTfn2r5L1kaarIpWqeI9W6HEcMe"},"senderMessageKeys":[]},{"senderKeyId":517869412,"senderChainKey":{"iteration":191,"seed":"nzp9+zTiGjaJhKgyzTypcJe30KKLC7K3ZOxn3/7hu7w="},"senderSigningKey":{"public":"BbPpSwoweuH5d4LmhGTfn2r5L1kaarIpWqeI9W6HEcMe"},"senderMessageKeys":[]},{"senderKeyId":517869412,"senderChainKey":{"iteration":192,"seed":"+eT/LkhZ1YpG4eO3FOXaGH3mjDO39pPzVtshY14ZAEc="},"senderSigningKey":{"public":"BbPpSwoweuH5d4LmhGTfn2r5L1kaarIpWqeI9W6HEcMe"},"senderMessageKeys":[]},{"senderKeyId":517869412,"senderChainKey":{"iteration":193,"seed":"5TOHHwPThcKT+08IO4E6JejeQyG+hR+cZuXpv+gSXdc="},"senderSigningKey":{"public":"BbPpSwoweuH5d4LmhGTfn2r5L1kaarIpWqeI9W6HEcMe"},"senderMessageKeys":[]},{"senderKeyId":517869412,"senderChainKey":{"iteration":195,"seed":"ooaZvHehDc5+G4wpba3UzyNH3rFmbrtYGxZp/k/JeHk="},"senderSigningKey":{"public":"BbPpSwoweuH5d4LmhGTfn2r5L1kaarIpWqeI9W6HEcMe"},"senderMessageKeys":[]},{"senderKeyId":517869412,"senderChainKey":{"iteration":211,"seed":"5aXxQcK/mWR1hCEbw+uaawE9+ZQf7sbFv4gjAEcz79g="},"senderSigningKey":{"public":"BbPpSwoweuH5d4LmhGTfn2r5L1kaarIpWqeI9W6HEcMe"},"senderMessageKeys":[]},{"senderKeyId":517869412,"senderChainKey":{"iteration":212,"seed":"y13KANx4L50pqeyejerWDq9jn8eyY4mlTF3YdSTdOUQ="},"senderSigningKey":{"public":"BbPpSwoweuH5d4LmhGTfn2r5L1kaarIpWqeI9W6HEcMe"},"senderMessageKeys":[]},{"senderKeyId":517869412,"senderChainKey":{"iteration":213,"seed":"sdZf9eZWBGAqMgDQjqUTBkqS1Z62P2fE77TSMMBWXaU="},"senderSigningKey":{"public":"BbPpSwoweuH5d4LmhGTfn2r5L1kaarIpWqeI9W6HEcMe"},"senderMessageKeys":[]},{"senderKeyId":517869412,"senderChainKey":{"iteration":214,"seed":"MhNEtJIg0CtA3C1Zk5NdA+xd51+8sh/nYLwK0AxciAU="},"senderSigningKey":{"public":"BbPpSwoweuH5d4LmhGTfn2r5L1kaarIpWqeI9W6HEcMe"},"senderMessageKeys":[]},{"senderKeyId":517869412,"senderChainKey":{"iteration":215,"seed":"FmgVaaqcMccchT/dJ7n1MQifCRbsuDQ+GHXhMuy5YsU="},"senderSigningKey":{"public":"BbPpSwoweuH5d4LmhGTfn2r5L1kaarIpWqeI9W6HEcMe"},"senderMessageKeys":[]},{"senderKeyId":517869412,"senderChainKey":{"iteration":216,"seed":"a+OQr0Jpe6HvWoudn6Qjk6eN+zH3tcykMpqLGjDDXAA="},"senderSigningKey":{"public":"BbPpSwoweuH5d4LmhGTfn2r5L1kaarIpWqeI9W6HEcMe"},"senderMessageKeys":[]},{"senderKeyId":517869412,"senderChainKey":{"iteration":217,"seed":"Dy7Nqpfseb71mGclQHVoatY8mp7wVwePmn4KMvi7w/8="},"senderSigningKey":{"public":"BbPpSwoweuH5d4LmhGTfn2r5L1kaarIpWqeI9W6HEcMe"},"senderMessageKeys":[]},{"senderKeyId":517869412,"senderChainKey":{"iteration":218,"seed":"cz6IXQZZaoi5CCL8Qal57K8fdTdP2R+yqDbiRDBm+Zg="},"senderSigningKey":{"public":"BbPpSwoweuH5d4LmhGTfn2r5L1kaarIpWqeI9W6HEcMe"},"senderMessageKeys":[]},{"senderKeyId":517869412,"senderChainKey":{"iteration":219,"seed":"DN6kofwD/BWrzwOyb1CXSvyzf7Cj4g1NYDN7lPvkSzM="},"senderSigningKey":{"public":"BbPpSwoweuH5d4LmhGTfn2r5L1kaarIpWqeI9W6HEcMe"},"senderMessageKeys":[]},{"senderKeyId":517869412,"senderChainKey":{"iteration":220,"seed":"HHGH6zqPuxG1AYqIv/EB4eBbhRpNQfEVwoFC81K2BA8="},"senderSigningKey":{"public":"BbPpSwoweuH5d4LmhGTfn2r5L1kaarIpWqeI9W6HEcMe"},"senderMessageKeys":[]},{"senderKeyId":517869412,"senderChainKey":{"iteration":221,"seed":"MeJKr4YwkspIhabK1ZZeGPwBQ1ktuOcRk4IIQEBxSBA="},"senderSigningKey":{"public":"BbPpSwoweuH5d4LmhGTfn2r5L1kaarIpWqeI9W6HEcMe"},"senderMessageKeys":[]},{"senderKeyId":517869412,"senderChainKey":{"iteration":222,"seed":"ndBVnVDnESJ16xVdw2p3c9gnChuHTuFIVkFLqsHn+ZU="},"senderSigningKey":{"public":"BbPpSwoweuH5d4LmhGTfn2r5L1kaarIpWqeI9W6HEcMe"},"senderMessageKeys":[]},{"senderKeyId":517869412,"senderChainKey":{"iteration":319,"seed":"sXokzoNuXq66xpWgnVf+TQ2uSMO0pRkSIVGqhIaTPs4="},"senderSigningKey":{"public":"BbPpSwoweuH5d4LmhGTfn2r5L1kaarIpWqeI9W6HEcMe"},"senderMessageKeys":[]},{"senderKeyId":517869412,"senderChainKey":{"iteration":323,"seed":"4sEi+YmNFosElSMxd2PtSIdRNc+Kr0BWWy2HxGvC3is="},"senderSigningKey":{"public":"BbPpSwoweuH5d4LmhGTfn2r5L1kaarIpWqeI9W6HEcMe"},"senderMessageKeys":[]},{"senderKeyId":517869412,"senderChainKey":{"iteration":324,"seed":"lnq4QpnII4dortreBPE6+zwozOj2OSnMTiFPE5ul6iU="},"senderSigningKey":{"public":"BbPpSwoweuH5d4LmhGTfn2r5L1kaarIpWqeI9W6HEcMe"},"senderMessageKeys":[]},{"senderKeyId":517869412,"senderChainKey":{"iteration":328,"seed":"+W/2SQvaiugiHSkrbquP9vaXDlUDUZtaGUv7n34fVXs="},"senderSigningKey":{"public":"BbPpSwoweuH5d4LmhGTfn2r5L1kaarIpWqeI9W6HEcMe"},"senderMessageKeys":[]},{"senderKeyId":517869412,"senderChainKey":{"iteration":332,"seed":"W40SjzW5Rgau3esUHSnGqFukns2rx/MSBaigqxcRWZY="},"senderSigningKey":{"public":"BbPpSwoweuH5d4LmhGTfn2r5L1kaarIpWqeI9W6HEcMe"},"senderMessageKeys":[]},{"senderKeyId":517869412,"senderChainKey":{"iteration":360,"seed":"2Spkh13iHmJnAF5agX8Prq5BCIcStWCAEhY0pKu+xko="},"senderSigningKey":{"public":"BbPpSwoweuH5d4LmhGTfn2r5L1kaarIpWqeI9W6HEcMe"},"senderMessageKeys":[]},{"senderKeyId":517869412,"senderChainKey":{"iteration":361,"seed":"CQONxNtsxFqJBM9bHKSPjBJ2qpLFmoFx3ui8PIOLEAQ="},"senderSigningKey":{"public":"BbPpSwoweuH5d4LmhGTfn2r5L1kaarIpWqeI9W6HEcMe"},"senderMessageKeys":[]},{"senderKeyId":517869412,"senderChainKey":{"iteration":362,"seed":"v9V+8o+7hMNzIHM07e39+ff0QpWhHKV/LXUiBgm2bpI="},"senderSigningKey":{"public":"BbPpSwoweuH5d4LmhGTfn2r5L1kaarIpWqeI9W6HEcMe"},"senderMessageKeys":[]},{"senderKeyId":517869412,"senderChainKey":{"iteration":363,"seed":"YIAxrd5ea9EUuiRRv/kG3VHSXPHWmhUm0KYRwoAX1W4="},"senderSigningKey":{"public":"BbPpSwoweuH5d4LmhGTfn2r5L1kaarIpWqeI9W6HEcMe"},"senderMessageKeys":[]}]