[{"senderKeyId":805011984,"senderChainKey":{"iteration":60,"seed":"/qSk0nDrfHrjXv15MSXV0YlpPEP/Co5ASFeQxdColX0="},"senderSigningKey":{"public":"BQOjM7nabbATeLBzAJs5DfNb94t8xv+jksLbRXViGWRA"},"senderMessageKeys":[]},{"senderKeyId":709455274,"senderChainKey":{"iteration":1,"seed":"W5I3d14HpAMgyOhnFm4KhxmcXhBfrlPoCZkbWM5sHH4="},"senderSigningKey":{"public":"BUAYTlsGo3HBKYH//2CvTRwQjyEdU+nhfJOSUbyDdCxO"},"senderMessageKeys":[]},{"senderKeyId":1897197148,"senderChainKey":{"iteration":46,"seed":"+xP5N5O39+yLuTC+DRl7Ox3fCVWeTc11dWCU4hxPVws="},"senderSigningKey":{"public":"BTaV+cuJuoy3sKkfeS9f+2lc93h6XXYCM39TKQfP+Awr"},"senderMessageKeys":[]},{"senderKeyId":535996531,"senderChainKey":{"iteration":44,"seed":"0sQLbukoRizksmErz88sYRe3xHkQ1F2uGNaWUJnaiAw="},"senderSigningKey":{"public":"BW9hSUw9u6Dl/HWdkAKQjhoHVIX2OUkEBuxgGHUzdpsy"},"senderMessageKeys":[]},{"senderKeyId":417746174,"senderChainKey":{"iteration":13,"seed":"vkeP0cxWDxRQ9nQDrANcbciclifFGhO2stl69xa3BL0="},"senderSigningKey":{"public":"BaER/lRm74TjbDs+hbEcW+JgWv+GGQYc0i7zaTyV7q1o"},"senderMessageKeys":[]},{"senderKeyId":556887493,"senderChainKey":{"iteration":13,"seed":"vTXaYpjNDxj/eXCmt9J9irI3Z161Vxnezc7mMTKBiak="},"senderSigningKey":{"public":"BVQ3LmQd1l4ivZxd4NLtq2PmHio1AzQQCslYw4nBf7hb"},"senderMessageKeys":[]},{"senderKeyId":334070932,"senderChainKey":{"iteration":53,"seed":"Ko80qq+pwGXEsTECwS/+S0cr/Zd774EFrWANos5HBzg="},"senderSigningKey":{"public":"BdWrIjDGtPpR+SQjUKmJv2vo5D964GcJ5q31CzCwWWRo"},"senderMessageKeys":[]},{"senderKeyId":286091390,"senderChainKey":{"iteration":1,"seed":"6jfZ4W+db0tsK7fExWiTbl9L5ZEubS+i//Hykhd86O0="},"senderSigningKey":{"public":"BVos2XiX6sQKSLpvzefO9HjlAjsNfP7+J0TDDL2TvVcM"},"senderMessageKeys":[]},{"senderKeyId":974679793,"senderChainKey":{"iteration":2,"seed":"iBQ/8Yg/PquTbCMfFjrAgF/NqnDUyCmQI1XESuX2n/o="},"senderSigningKey":{"public":"BT+CFujUvKJR/sakE1NnJ+b0/vVokC+54rRM6z7ut294"},"senderMessageKeys":[]},{"senderKeyId":668143358,"senderChainKey":{"iteration":3,"seed":"B27HwFu/7ZTYQG2WsCOZduxGvc5WtCc8VyFtxTJRFA0="},"senderSigningKey":{"public":"BXuJr+/sFRcAyNN/vdrUqOrAHAuFBVOzUG4CW4Tg4M4O"},"senderMessageKeys":[]}]