{"_sessions":{"BWiFatgGE6gUjw6yExg5IkiLzmKkMRQPeEYutSIW1E0E":{"registrationId":1988226491,"currentRatchet":{"ephemeralKeyPair":{"pubKey":"BQZ0NxMm4o1Prhkt5HdBxRCPwvVXC+jXKy02exasvdsV","privKey":"WKsAtvyvNGfwyovaLhszqal18ExBxh0s+Pcl3rul1EQ="},"lastRemoteEphemeralKey":"BT1zN9IgsOXyCGyPufTAa+9yUyOFd3tyFylbQSMOy6wG","previousCounter":0,"rootKey":"gfFt649Knc0BKIEZMmREyW2WI9FVusK/nqk7wT+wnAY="},"indexInfo":{"baseKey":"BWiFatgGE6gUjw6yExg5IkiLzmKkMRQPeEYutSIW1E0E","baseKeyType":1,"closed":-1,"used":1683098376832,"created":1683098376832,"remoteIdentityKey":"Be+rIysXr2C4PtLMlTALCZr1O1Fh/uKE1A/P59xZMKY7"},"_chains":{"BQZ0NxMm4o1Prhkt5HdBxRCPwvVXC+jXKy02exasvdsV":{"chainKey":{"counter":0,"key":"tcILBi9jS2Y3J9KobZyHyO3vrtjj50Zlv2Bo+cKSTAM="},"chainType":1,"messageKeys":{}}},"pendingPreKey":{"signedKeyId":14,"baseKey":"BWiFatgGE6gUjw6yExg5IkiLzmKkMRQPeEYutSIW1E0E","preKeyId":251737}}},"version":"v1"}