{"_sessions":{"BRCfm0B5Ig2d7gbG02ahFoRinL+0o9HpXqtzxTHs+q5Y":{"registrationId":1943741856,"currentRatchet":{"ephemeralKeyPair":{"pubKey":"BVZ5bYc/oL8tUlAQ5lYEYduUDZmkF49T9KV9j6eWG/AP","privKey":"mMRVbf4yoHW1K9K1svbElxpnM3x2MYYTQIUF3dLVrGs="},"lastRemoteEphemeralKey":"BcvgD9B/YXnwQmCys1BpkjtqrbVHFVo8jFG/qVtpqZs9","previousCounter":0,"rootKey":"G1VRfRdjY5EsQ81XWPyKYE5fYai0yq/kyZXa4ziQLCA="},"indexInfo":{"baseKey":"BRCfm0B5Ig2d7gbG02ahFoRinL+0o9HpXqtzxTHs+q5Y","baseKeyType":1,"closed":-1,"used":1683098376900,"created":1683098376900,"remoteIdentityKey":"BcVAqOjBQUQjOCh4fDzu+8sW82HmJit3s2m5+M8rlb4Z"},"_chains":{"BVZ5bYc/oL8tUlAQ5lYEYduUDZmkF49T9KV9j6eWG/AP":{"chainKey":{"counter":0,"key":"Of0tAfmMc0bYU+4zjKWc8ZWfgt5V2HjUs+rgTFAm7Dk="},"chainType":1,"messageKeys":{}}},"pendingPreKey":{"signedKeyId":1,"baseKey":"BRCfm0B5Ig2d7gbG02ahFoRinL+0o9HpXqtzxTHs+q5Y","preKeyId":15277267}}},"version":"v1"}