{"_sessions":{"BW/fy3KkbiKEQT2MVdPhGUXXAkmn86tSDLB8Yir1JjgR":{"registrationId":1790371245,"currentRatchet":{"ephemeralKeyPair":{"pubKey":"BZTeptIkjhaDnCBJGkm3MuCCZbIT6OJYuruZk8W+U1FA","privKey":"+NrpSLhsZQjxLcHbBlaexzVemavaoK3nFDgXX38vS2s="},"lastRemoteEphemeralKey":"BY8uQRMHx1v2cX/LfZyJ5MYzG8BJz74fw5r64IUrB38N","previousCounter":11,"rootKey":"GEWUIUQu6RjULXvYg+LEiqgeAUPEQXLkft1quxan4xw="},"indexInfo":{"baseKey":"BW/fy3KkbiKEQT2MVdPhGUXXAkmn86tSDLB8Yir1JjgR","baseKeyType":1,"closed":-1,"used":1683031316471,"created":1682943144175,"remoteIdentityKey":"BZJD/uvlD3oZjrFNqI9QVTKA+N5Iz6XZJUZtJHMt4Swk"},"_chains":{"BY8uQRMHx1v2cX/LfZyJ5MYzG8BJz74fw5r64IUrB38N":{"chainKey":{"counter":0,"key":"jb2OvHqJx6dGRkJ5db5OOIDS1i07hXofjswWIsfr2CQ="},"chainType":2,"messageKeys":{}},"BZTeptIkjhaDnCBJGkm3MuCCZbIT6OJYuruZk8W+U1FA":{"chainKey":{"counter":4,"key":"dyMEyfOIzQRRPcKug6ENrw14r9zBiWZBM/EBaY+AptY="},"chainType":1,"messageKeys":{}}}}},"version":"v1"}