{"_sessions":{"BQmCd0rMgV/R7Wd5x8We+7NaizULI4+OWU0azmCyF40P":{"registrationId":1733360843,"currentRatchet":{"ephemeralKeyPair":{"pubKey":"BflcHjSCJSxD0gPduKfbWscP8bbKNmzuJbusWeA1NlEr","privKey":"cFYnXxPQNer5GB8dHLx6sn5uW0267twT/byaYhIT7E0="},"lastRemoteEphemeralKey":"BRnoNGykL7ZVUKWFbf3KRu1JhUtYH2E1FAmq63c277p3","previousCounter":0,"rootKey":"JC/bflQniOzHQYMql5B/xrzoxq0nF1nJOaHzYdAhr9A="},"indexInfo":{"baseKey":"BQmCd0rMgV/R7Wd5x8We+7NaizULI4+OWU0azmCyF40P","baseKeyType":1,"closed":-1,"used":1682943144134,"created":1682943144134,"remoteIdentityKey":"BRdhQ13UjKvkcQybw3/pJCiGk2NPAXPB880FC+1uBAsa"},"_chains":{"BflcHjSCJSxD0gPduKfbWscP8bbKNmzuJbusWeA1NlEr":{"chainKey":{"counter":16,"key":"YVfqqrsJhf8aw4R9hKnERDRS/srCm36dZICDMN98Qe4="},"chainType":1,"messageKeys":{}}},"pendingPreKey":{"signedKeyId":2,"baseKey":"BQmCd0rMgV/R7Wd5x8We+7NaizULI4+OWU0azmCyF40P","preKeyId":10500336}}},"version":"v1"}