{"_sessions":{"BdJB2JinSBthuSvoxEEVQzjitu+sLJnwGMsQMU9vSLBg":{"registrationId":1079713722,"currentRatchet":{"ephemeralKeyPair":{"pubKey":"BabgonaGfPD6vB0M7q22yfJ2R0NR93fc+wqO9oZb58QW","privKey":"2Oj3o3Wr7jKcPHMWzM9iFvU6Ih1WCRE5npkpMwLjH0A="},"lastRemoteEphemeralKey":"BQj+KB3NNSV9pahaOP5b12qlvaqA4xA5KyvpuWeF5EUk","previousCounter":0,"rootKey":"ma7iIcj9H5YrL/HJddHmFITdL5nONMO1sy5Ky9LOnic="},"indexInfo":{"baseKey":"BdJB2JinSBthuSvoxEEVQzjitu+sLJnwGMsQMU9vSLBg","baseKeyType":1,"closed":-1,"used":1682943144128,"created":1682943144128,"remoteIdentityKey":"BZ/1sb3RZ9mVgVa+orTc+n/1dkx8tttJBPPz9djld/Fu"},"_chains":{"BabgonaGfPD6vB0M7q22yfJ2R0NR93fc+wqO9oZb58QW":{"chainKey":{"counter":16,"key":"SRHx0Ix3RFBbOTVQqkXi4pUoXvGJK16wqu6EPKstk9g="},"chainType":1,"messageKeys":{}}},"pendingPreKey":{"signedKeyId":0,"baseKey":"BdJB2JinSBthuSvoxEEVQzjitu+sLJnwGMsQMU9vSLBg","preKeyId":4914214}}},"version":"v1"}