{"_sessions":{"BQ6Akm4XPdrbQFjgplZ7guN0FbELb5ShZvsl6MrxJq8s":{"registrationId":1523607680,"currentRatchet":{"ephemeralKeyPair":{"pubKey":"BfMpPT5PNeHtMKiX9ou/J1o+syZIBSWygZiC4lPLpEV6","privKey":"uOIDaO1snl3uW0DCL5lMpe3IkpMhuZ4m3/s5dKZi1lY="},"lastRemoteEphemeralKey":"BSAoaSULdACThhmMc6huAhZSsLjhxEeQRJlTgjdCUQl7","previousCounter":0,"rootKey":"1eWF2J3kllx0ZEsqt/a/rdWfrXLUoFZgb6zCvwJFxsA="},"indexInfo":{"baseKey":"BQ6Akm4XPdrbQFjgplZ7guN0FbELb5ShZvsl6MrxJq8s","baseKeyType":1,"closed":-1,"used":1683098376809,"created":1683098376809,"remoteIdentityKey":"BekmyN4UNAlHPLH+WFEJ1IOKnMJyBT+joh29EKogwE1P"},"_chains":{"BfMpPT5PNeHtMKiX9ou/J1o+syZIBSWygZiC4lPLpEV6":{"chainKey":{"counter":0,"key":"qQ3Pfcv59YZve1Tgymp3mIs2MOIPvftACye2lqlQAl0="},"chainType":1,"messageKeys":{}}},"pendingPreKey":{"signedKeyId":1,"baseKey":"BQ6Akm4XPdrbQFjgplZ7guN0FbELb5ShZvsl6MrxJq8s","preKeyId":6264128}}},"version":"v1"}