{"_sessions":{"BYokxt59TkChiCIlnEVicRjw7GxulLJIX0gENlRY9J1J":{"registrationId":231937454,"currentRatchet":{"ephemeralKeyPair":{"pubKey":"BR9pXHZE2GSFEjo/BnxcE1YHor23qP/vhvo4sGrPsOxn","privKey":"cBrVg2ckFJR9t3Ojuirydto23bgN98ebu19Kn+cw8VE="},"lastRemoteEphemeralKey":"BT4+lVB9CstE1GiiO3SePD/3imOp51VGCRxWOaOAca8L","previousCounter":0,"rootKey":"6P4ck+sUYQcbuKZfeTJy8qmDVvY/kxWlWIDsClxET7Q="},"indexInfo":{"baseKey":"BYokxt59TkChiCIlnEVicRjw7GxulLJIX0gENlRY9J1J","baseKeyType":1,"closed":-1,"used":1683098376770,"created":1683098376770,"remoteIdentityKey":"Bcgr7IdBBmK/BQMBAQ1R9U1FvHWuvFIf5SmynMmBcKxH"},"_chains":{"BR9pXHZE2GSFEjo/BnxcE1YHor23qP/vhvo4sGrPsOxn":{"chainKey":{"counter":0,"key":"FGhuEjygOzmwFJYMjtovzu+gKKH8MFT9UGen2kRnWuc="},"chainType":1,"messageKeys":{}}},"pendingPreKey":{"signedKeyId":19,"baseKey":"BYokxt59TkChiCIlnEVicRjw7GxulLJIX0gENlRY9J1J","preKeyId":14901904}}},"version":"v1"}