{"_sessions":{"BZbbvFUH19S+QLLuwYKJvfQ4diTIcN7B8fzqkxaeD/sw":{"registrationId":1011800774,"currentRatchet":{"ephemeralKeyPair":{"pubKey":"BXD00VQZ5J6Z1dTtDPGRVVhgK3BXNJdo+0Ig0iVnGqpx","privKey":"wKa+1aiaas3L25KlbIhdCHOapa2JhY6Ql2s/0trGolw="},"lastRemoteEphemeralKey":"BXKv3KFEdeaeiPLFaj4VaeQ3exH8LbEtEX5jKRIlo8Rh","previousCounter":0,"rootKey":"n78PzGcuXsEZtiTU4he+qxE+6YKAYkAIa2p3rXXWV0c="},"indexInfo":{"baseKey":"BZbbvFUH19S+QLLuwYKJvfQ4diTIcN7B8fzqkxaeD/sw","baseKeyType":1,"closed":-1,"used":1683103802473,"created":1683097621339,"remoteIdentityKey":"BSbelkWIWJJtM9j8wB7VDy9QTwtw2JhG1IqHRW0N0toI"},"_chains":{"BXKv3KFEdeaeiPLFaj4VaeQ3exH8LbEtEX5jKRIlo8Rh":{"chainKey":{"counter":1,"key":"vqJVWcMVQt4vR5fti++oatNhekyY95vvuSuCT1xn0ks="},"chainType":2,"messageKeys":{}},"BXD00VQZ5J6Z1dTtDPGRVVhgK3BXNJdo+0Ig0iVnGqpx":{"chainKey":{"counter":-1,"key":"76QSeW87po3ni7RcmiOFnctQUIiFJYHyFi98fYL8eeI="},"chainType":1,"messageKeys":{}}}}},"version":"v1"}