{"_sessions":{"BTiskzQmgRribpQH4M3/fPObIJ3d8qU5bkx2ADFVZp4x":{"registrationId":1322422405,"currentRatchet":{"ephemeralKeyPair":{"pubKey":"BTwE5F9BXhvDFMprE3QyCk5L0P0iRGRSN5MKQhr4kxM4","privKey":"cGY5A8JQpbUr2JHRySC+yWzRlHjQ9tYHO8BZFPlHnGs="},"lastRemoteEphemeralKey":"BQ6DfXELMBGgSh9EW53ydDSMC9YUt95HPu8OGqsiqUgY","previousCounter":0,"rootKey":"BKs/p/Pmn0VtpFJa+RGXgGur5Od8eWWcs4hdjT36UJA="},"indexInfo":{"baseKey":"BTiskzQmgRribpQH4M3/fPObIJ3d8qU5bkx2ADFVZp4x","baseKeyType":1,"closed":-1,"used":1683098376730,"created":1683098376730,"remoteIdentityKey":"BV6WrF32E1vJksdOO2kD7rYRV/p/rfVIssk/Ht/l/+B3"},"_chains":{"BTwE5F9BXhvDFMprE3QyCk5L0P0iRGRSN5MKQhr4kxM4":{"chainKey":{"counter":0,"key":"1cKCW6hIvvP96jC8P92pqjIK5p8xil2ArV5Cq0x+D90="},"chainType":1,"messageKeys":{}}},"pendingPreKey":{"signedKeyId":12,"baseKey":"BTiskzQmgRribpQH4M3/fPObIJ3d8qU5bkx2ADFVZp4x","preKeyId":12358739}}},"version":"v1"}