{"_sessions":{"BUu4xEFJTVhIw1XfJraiiitqNDp+gzVHy8mn2dK0BRkf":{"registrationId":5507,"currentRatchet":{"ephemeralKeyPair":{"pubKey":"BexIdSDqdqkFELeyDdN3tzRHv2Y8Q68mNiIX1Iucot9S","privKey":"8ErpbdZJWpavhjJMk2gamWj4E2xbVl+I58xaoHhZa0U="},"lastRemoteEphemeralKey":"BbRFonCeSJsudXCvrx/jDvVVqszGItGLR2hciJSirR1m","previousCounter":0,"rootKey":"9hG3SpsweQ0eHkOM2EGmPRM14t4/O0MBwi3fzJI4gy8="},"indexInfo":{"baseKey":"BUu4xEFJTVhIw1XfJraiiitqNDp+gzVHy8mn2dK0BRkf","baseKeyType":1,"closed":-1,"used":1683081662353,"created":1683081662353,"remoteIdentityKey":"BUdXHaxbf1CXaxeCoqCz7njFkKUgg+dXqslLCRBfCTIO"},"_chains":{"BexIdSDqdqkFELeyDdN3tzRHv2Y8Q68mNiIX1Iucot9S":{"chainKey":{"counter":0,"key":"c0x2Un+vrhMf+OHdNxIcwTWDseHTePdEwwkF5KZ+XQM="},"chainType":1,"messageKeys":{}}},"pendingPreKey":{"signedKeyId":1,"baseKey":"BUu4xEFJTVhIw1XfJraiiitqNDp+gzVHy8mn2dK0BRkf"}}},"version":"v1"}