{"_sessions":{"BXMZ9k+ZI8f1qVGkXwPSz0K33lk5VvlsSyccozHu3JQb":{"registrationId":787506856,"currentRatchet":{"ephemeralKeyPair":{"pubKey":"BWf/4BeHMYz11h4hSYNjPSPV7rqg8sc8ssFsCKHCNkQe","privKey":"KKXuQja3ixzXYwoQOUVspmhPBPUXzh1AMzajoUn4BHc="},"lastRemoteEphemeralKey":"BWBkbAV2knrTsKOYwPOcoPwVTZZ9RhC2Eueq8RYHVwYe","previousCounter":0,"rootKey":"ss+1l1EAOFt94nJ15EdJgZHQSf8m3RGze59Hp9P1/fw="},"indexInfo":{"baseKey":"BXMZ9k+ZI8f1qVGkXwPSz0K33lk5VvlsSyccozHu3JQb","baseKeyType":2,"closed":-1,"used":1683097213203,"created":1683097213203,"remoteIdentityKey":"BY/QQDe2Zdx1iHTv8/AoK1bb9SHMBHYvG/kt3JubSFxC"},"_chains":{"BWBkbAV2knrTsKOYwPOcoPwVTZZ9RhC2Eueq8RYHVwYe":{"chainKey":{"counter":0,"key":"B3ggLKdpEVAM68SNNxrP8+14CLd6nQpjolEAgMOAods="},"chainType":2,"messageKeys":{}},"BWf/4BeHMYz11h4hSYNjPSPV7rqg8sc8ssFsCKHCNkQe":{"chainKey":{"counter":0,"key":"/lYyjH6aVdselB8MlnaOkM6Y257hykCYA0TsoNx/3bY="},"chainType":1,"messageKeys":{}}}}},"version":"v1"}