{"_sessions":{"BXO5Dv8I8Icx9J39z0vntkeTtvEPhyNQUWTlH5eqHVMY":{"registrationId":95417032,"currentRatchet":{"ephemeralKeyPair":{"pubKey":"BecJ0g5FeHrly2ekNR/9P0X1HcT72KGmTb/LOOZzD4xH","privKey":"qAyiB2ihTpBLOQ3jlfGfTjneop9gA0GmnDAb5N5vlGo="},"lastRemoteEphemeralKey":"BV1ghz67OB+9XHJt5TyMjmSpG2md7bmDjWxXSxvIbGou","previousCounter":0,"rootKey":"b0UmAGMmCJAeBnCuMX4SCMEwsHyckBEch5O4MHgrmo4="},"indexInfo":{"baseKey":"BXO5Dv8I8Icx9J39z0vntkeTtvEPhyNQUWTlH5eqHVMY","baseKeyType":1,"closed":-1,"used":1683111747614,"created":1682943144086,"remoteIdentityKey":"BYZEbD6POuzAqyJdh8+50BQdoCNBCKS0gWY0Ibu04VYX"},"_chains":{"BS+sOAgD770KnwfrJfd+8F7LJJPa6Sqd1j+bCAiUWD4S":{"chainKey":{"counter":0},"chainType":2,"messageKeys":{}},"Bd8CRLFgVVx6164k15G8aWLD+dnL+TzlolU7citN10Uj":{"chainKey":{"counter":0},"chainType":2,"messageKeys":{}},"BbVJ0JoWXk8Fi7K5COV6yAnb34iI4AXr8GsDNwlYEEdp":{"chainKey":{"counter":0},"chainType":2,"messageKeys":{}},"BV1ghz67OB+9XHJt5TyMjmSpG2md7bmDjWxXSxvIbGou":{"chainKey":{"counter":0,"key":"MikDH/s7fkDzKCBg03PvZZBrvZSGSav+5KYPerevpb0="},"chainType":2,"messageKeys":{}},"BecJ0g5FeHrly2ekNR/9P0X1HcT72KGmTb/LOOZzD4xH":{"chainKey":{"counter":0,"key":"EsyPYKZlrjcyQUCnUsWsl4DhcK+cZLi+Eqct2gbIg6A="},"chainType":1,"messageKeys":{}}}}},"version":"v1"}