{"_sessions":{"BR/PGc9Gly9kx8N+IfA/Ra39b8abnhZ1NvkvWXChl2JT":{"registrationId":160701875,"currentRatchet":{"ephemeralKeyPair":{"pubKey":"BaWxS6ORghuYgwkvkzf3dVk8mc+vKF6ij4h+HglksT8l","privKey":"SL6gTSsPqrBHOh9vLlSR8ysFTgi7Zj0LXIopwOPsZGA="},"lastRemoteEphemeralKey":"BRwFjdh/uZnBsAEDVEl3VJZ9OTre/JYaAkZjpIJ2JIcK","previousCounter":0,"rootKey":"/AG/JZ+7WUmYFqA/3Zpo8TIj+PDgq9zGF6h/gMnSqOw="},"indexInfo":{"baseKey":"BR/PGc9Gly9kx8N+IfA/Ra39b8abnhZ1NvkvWXChl2JT","baseKeyType":1,"closed":-1,"used":1683098376796,"created":1683098376796,"remoteIdentityKey":"BQ/1e4E0TCf+1lmXf7gb2X/EwTlXORh+jYRxQxKQUM8e"},"_chains":{"BaWxS6ORghuYgwkvkzf3dVk8mc+vKF6ij4h+HglksT8l":{"chainKey":{"counter":0,"key":"O4api5eTJvmKASL4Fs+5L4aN5YKeL2QbgMR+ve98Kbw="},"chainType":1,"messageKeys":{}}},"pendingPreKey":{"signedKeyId":1,"baseKey":"BR/PGc9Gly9kx8N+IfA/Ra39b8abnhZ1NvkvWXChl2JT","preKeyId":10022523}}},"version":"v1"}