{"_sessions":{"BUHj3WX8qnmajOGqbzLt4Pbl7ASxZmgzBGewMEcCZY1I":{"registrationId":1483363480,"currentRatchet":{"ephemeralKeyPair":{"pubKey":"BdhPB8VG1v38BPyi8mhnrjXIrYc80dWvTp1wIImOAUoe","privKey":"uPoWe6+VTFUM+n0+DjNCeFYLlgdRSon2t9Nv5iU2/WU="},"lastRemoteEphemeralKey":"Bb4RUMSPT/ZTRi71wj7gTZsisRgU2etwU4KpK/XDbOI8","previousCounter":0,"rootKey":"WF/0UD3dbjTCKpwyGpBveTLOY4Luo80AMOA9jXRen2o="},"indexInfo":{"baseKey":"BUHj3WX8qnmajOGqbzLt4Pbl7ASxZmgzBGewMEcCZY1I","baseKeyType":1,"closed":-1,"used":1682943144123,"created":1682943144123,"remoteIdentityKey":"BR5mtp2uFUhkYkq9H6GufACB7zF3x+8QcYjXInzgwTRS"},"_chains":{"BdhPB8VG1v38BPyi8mhnrjXIrYc80dWvTp1wIImOAUoe":{"chainKey":{"counter":16,"key":"fH4jYr4d+Cqs5Pqk0oJdIcdD4tyYSO/IMED+QgqK9Bk="},"chainType":1,"messageKeys":{}}},"pendingPreKey":{"signedKeyId":18,"baseKey":"BUHj3WX8qnmajOGqbzLt4Pbl7ASxZmgzBGewMEcCZY1I","preKeyId":2039487}}},"version":"v1"}