{"_sessions":{"BeA8GbQVFsERB0sGQgs00uDAMouXuCcNWTXPV27fXIcw":{"registrationId":2136469597,"currentRatchet":{"ephemeralKeyPair":{"pubKey":"Be0bmkM6q76z4EW77I6AyCdSxqDl3uK/ImHpOXJAnjhI","privKey":"COoX+wg62L6RHzbbRvaIm6jlhg9elg3TI/ZOLhS5W0E="},"lastRemoteEphemeralKey":"Bav+5qkHAvZJrRIbmzMvdiLjepoEgCXEAXzLVL3bQzEs","previousCounter":0,"rootKey":"97RaZm+mEuNHxgZb3Uk2cHFbiJi4pnrMETczjFuK/rE="},"indexInfo":{"baseKey":"BeA8GbQVFsERB0sGQgs00uDAMouXuCcNWTXPV27fXIcw","baseKeyType":1,"closed":-1,"used":1682943144081,"created":1682943144081,"remoteIdentityKey":"BdhmknhJfaXCm6HQpmKwOVAB8LyC0wTcviM6z0DXukcO"},"_chains":{"Be0bmkM6q76z4EW77I6AyCdSxqDl3uK/ImHpOXJAnjhI":{"chainKey":{"counter":16,"key":"da3A4zeINxi/YxtSh4R4hwaWhnkdrZI9BKib5CbpoHI="},"chainType":1,"messageKeys":{}}},"pendingPreKey":{"signedKeyId":10,"baseKey":"BeA8GbQVFsERB0sGQgs00uDAMouXuCcNWTXPV27fXIcw","preKeyId":15897566}}},"version":"v1"}