{"_sessions":{"BY0lswR9rOxa/Y75+yK1b4Q1xVVZJDWS7xQf8OibKSsM":{"registrationId":204,"currentRatchet":{"ephemeralKeyPair":{"pubKey":"BZdVQugzNQJ2cSU5RXzDb2DKcx4gbjlBryB+BDdWnCUa","privKey":"OD+6/ewiwXs6BWLPZMM8ERezz+Ctsm4f7KkP93Gg6kY="},"lastRemoteEphemeralKey":"BSajaENmhMR0qlKSNqOC8Cj7EjUkzuaRYcnBa0+VS4wX","previousCounter":0,"rootKey":"lLdB66dn3lgKlw4cgmdse7hcfo0YHgak30cprVFqVBI="},"indexInfo":{"baseKey":"BY0lswR9rOxa/Y75+yK1b4Q1xVVZJDWS7xQf8OibKSsM","baseKeyType":1,"closed":-1,"used":1682943144030,"created":1682943144030,"remoteIdentityKey":"Bd+rOICDhd4F9+Q7utpERNLs2vtLzeaEjM9aKTVzE+If"},"_chains":{"BZdVQugzNQJ2cSU5RXzDb2DKcx4gbjlBryB+BDdWnCUa":{"chainKey":{"counter":16,"key":"j+8Io7+5/DS72avZsKlEAHYTf2jlHFH7QVD0DMDe65w="},"chainType":1,"messageKeys":{}}},"pendingPreKey":{"signedKeyId":1,"baseKey":"BY0lswR9rOxa/Y75+yK1b4Q1xVVZJDWS7xQf8OibKSsM"}}},"version":"v1"}