{"_sessions":{"BeDyu9PH2+I2rErtnrqvp5dXx5ptDvWZyGrXToOHAO4L":{"registrationId":1501175439,"currentRatchet":{"ephemeralKeyPair":{"pubKey":"BZ7tkH0TQE2GR57bHEPw/f5ukv5YDauhtU3IPpRpArAW","privKey":"4DdrIurTcyuHKPGjchv6KKOCLmdwOJes49a6uWh/I0Y="},"lastRemoteEphemeralKey":"BbreMRaS7cErA8hLJF/duBS6VCsjNdiZQWlcXeKGvQ8N","previousCounter":0,"rootKey":"fGNLq4sIXKtKvesATEkqRUdrjRAGAQDnqXIZto+xgAA="},"indexInfo":{"baseKey":"BeDyu9PH2+I2rErtnrqvp5dXx5ptDvWZyGrXToOHAO4L","baseKeyType":1,"closed":-1,"used":1683098376764,"created":1683098376764,"remoteIdentityKey":"Be/8JXYAGNU3CejPiQA7/cItmbt91s/8N3T3T84XxXxu"},"_chains":{"BZ7tkH0TQE2GR57bHEPw/f5ukv5YDauhtU3IPpRpArAW":{"chainKey":{"counter":0,"key":"wgG6Itj8JgKXvA7nl9WjzXhHmaXyvmo8NJY5o4Pu1Vk="},"chainType":1,"messageKeys":{}}},"pendingPreKey":{"signedKeyId":1,"baseKey":"BeDyu9PH2+I2rErtnrqvp5dXx5ptDvWZyGrXToOHAO4L","preKeyId":7604587}}},"version":"v1"}