{"_sessions":{"BW/9x0xmdjNrIRHPQogyEWnwNEqXmUO5e4oYg7zMSNYr":{"registrationId":1444573988,"currentRatchet":{"ephemeralKeyPair":{"pubKey":"BWVO13v0q54w1ZWVjSPocBtPDkbSiNChJHQ146tcvZBl","privKey":"KNKCwrY18SZ1luEsxSrW19Bv2vcyrnw0gy4jnQOMa0s="},"lastRemoteEphemeralKey":"BWB26W5Nga0Mbmu95wyjt9N316M3CjnwoA6oT2oqN89b","previousCounter":0,"rootKey":"2A6ES9FrNW+sT3/m1XDAkrs3KffypMw3S7D/8+kUE7s="},"indexInfo":{"baseKey":"BW/9x0xmdjNrIRHPQogyEWnwNEqXmUO5e4oYg7zMSNYr","baseKeyType":1,"closed":-1,"used":1682943144209,"created":1682943144209,"remoteIdentityKey":"BaV7y+VtZJOjPtTfllgGtD36s18vxR4a+u3Judv1CTFS"},"_chains":{"BWVO13v0q54w1ZWVjSPocBtPDkbSiNChJHQ146tcvZBl":{"chainKey":{"counter":16,"key":"BZ3wlZRzTy2CzLCdYp+fPnk6cXAXF36QF9xtHC+oVjc="},"chainType":1,"messageKeys":{}}},"pendingPreKey":{"signedKeyId":1,"baseKey":"BW/9x0xmdjNrIRHPQogyEWnwNEqXmUO5e4oYg7zMSNYr","preKeyId":2635766}}},"version":"v1"}