{"_sessions":{"BRUc3hBNwRG2JnkwHFUmoPGlCN+99Uh4g5YmyK3Nnjhi":{"registrationId":597330586,"currentRatchet":{"ephemeralKeyPair":{"pubKey":"BUJu1QA06VmMJvW9VguNKyAqpC5DIUPmicZLel0U/fBO","privKey":"KB2ZuReghhDKKiTaIAX2IOQVsgBwZsSqimy5Sp8+Uk0="},"lastRemoteEphemeralKey":"BV+Bt2hZ8EipU2m/yQLsBiZoKwrysbAzOsaLSXm/7FFf","previousCounter":0,"rootKey":"zprSYlpnpPTNRlMw8ipKXQlQ62yOgXBgJFbFeL+fUDs="},"indexInfo":{"baseKey":"BRUc3hBNwRG2JnkwHFUmoPGlCN+99Uh4g5YmyK3Nnjhi","baseKeyType":1,"closed":-1,"used":1682943144132,"created":1682943144132,"remoteIdentityKey":"BZWAS2Urj9Sws/1j+TaSAsEMN9xA4O0NVV5e/XotG0BK"},"_chains":{"BUJu1QA06VmMJvW9VguNKyAqpC5DIUPmicZLel0U/fBO":{"chainKey":{"counter":16,"key":"wUvUtn9fK4CIzGpidelGPocEe7qPIRlCtqyxmwp4GvU="},"chainType":1,"messageKeys":{}}},"pendingPreKey":{"signedKeyId":3,"baseKey":"BRUc3hBNwRG2JnkwHFUmoPGlCN+99Uh4g5YmyK3Nnjhi","preKeyId":3194862}}},"version":"v1"}