{"_sessions":{"BQU/GQJNj6jLqtsPEgc0ngs3WRAuyEUSPzfZpyAiZf0k":{"registrationId":6742,"currentRatchet":{"ephemeralKeyPair":{"pubKey":"BXBZoNohCfVCcXXRyaAJTN/uBiMUU+gHKp5FfVKs0iNS","privKey":"6GMtOzCuRd14fMzIjPkcAxSPMaVEys2hN2TTdkspBkQ="},"lastRemoteEphemeralKey":"BSC5wEYG2her5YsGzO08OoOjd3afzUjmS3CslSvKF7dd","previousCounter":0,"rootKey":"16miNicQ3MceyQgrabvgIzJvjrkjAiGUPEbOQVsB4y4="},"indexInfo":{"baseKey":"BQU/GQJNj6jLqtsPEgc0ngs3WRAuyEUSPzfZpyAiZf0k","baseKeyType":1,"closed":-1,"used":1683098376725,"created":1683098376725,"remoteIdentityKey":"BXa0bIbqdkgw1WIg6nwCr+Gp4YtBjLyCmclnvhYTQRRK"},"_chains":{"BXBZoNohCfVCcXXRyaAJTN/uBiMUU+gHKp5FfVKs0iNS":{"chainKey":{"counter":0,"key":"GMssoY+wjZ5uB4Fq4B5RrY+kdIULtd2TXlVQp93tgoc="},"chainType":1,"messageKeys":{}}},"pendingPreKey":{"signedKeyId":5,"baseKey":"BQU/GQJNj6jLqtsPEgc0ngs3WRAuyEUSPzfZpyAiZf0k","preKeyId":688}}},"version":"v1"}