{"_sessions":{"BRDQMNhZfxaDZlwnuSq2cIqapSdJYQvjiflUh6gDbgFC":{"registrationId":2091669033,"currentRatchet":{"ephemeralKeyPair":{"pubKey":"BbMaqpe48DB/8560Pl30BleEASvS45xlBI1tUNtM/ih4","privKey":"YLErBODIj10o1F+HN/I6SyiO+vcbExsYGopcQWNl+nE="},"lastRemoteEphemeralKey":"BVtCDkvcVf29J54tlYS5DCm1kcmHyYbujV61Vxl/kKkS","previousCounter":0,"rootKey":"lk0vN6Xpp1+YGC/2fSJ8+tkXLE4a/gvSKIQiX2zFJE4="},"indexInfo":{"baseKey":"BRDQMNhZfxaDZlwnuSq2cIqapSdJYQvjiflUh6gDbgFC","baseKeyType":2,"closed":-1,"used":1683109821031,"created":1683094873061,"remoteIdentityKey":"BYTmFljJHNEJzhQK2iUPUFfSjxopV/4Bg3eL6zDRo5oW"},"_chains":{"BeRd1VGxP/poP9wc9XU2LyqZcjW0XCoME7qJ7aAxkIxl":{"chainKey":{"counter":0},"chainType":2,"messageKeys":{}},"BVtCDkvcVf29J54tlYS5DCm1kcmHyYbujV61Vxl/kKkS":{"chainKey":{"counter":0,"key":"GOfDq1S187Jx/bernlSJxq36slhn6XORa+7QLDTS5ds="},"chainType":2,"messageKeys":{}},"BbMaqpe48DB/8560Pl30BleEASvS45xlBI1tUNtM/ih4":{"chainKey":{"counter":0,"key":"hYlnTz1mT+gK5JLieDa5r3nU2dCYFweatocC9Wa0lBY="},"chainType":1,"messageKeys":{}}}}},"version":"v1"}