{"_sessions":{"Bf2X/Gw7GV0Y3azNSe1siXF7u/msBh4upKu78/AqZNg2":{"registrationId":731792042,"currentRatchet":{"ephemeralKeyPair":{"pubKey":"Ba/8Y8D9RwJNOKQqRN59QL7iI1+NsZINTNREuHuslcA7","privKey":"OKurmoqSDwY8m/JlRb4bpQiZpEhZpd+8Kzo9F3OqYkc="},"lastRemoteEphemeralKey":"BejA/CTvJIT0+7n6ps/CrbUQ4HCqmbq9hCuw67kWvIog","previousCounter":0,"rootKey":"ehoq9Slt9lRg2ilsXMJYZ/YZuexEBsKRYfemWC2oFZQ="},"indexInfo":{"baseKey":"Bf2X/Gw7GV0Y3azNSe1siXF7u/msBh4upKu78/AqZNg2","baseKeyType":1,"closed":-1,"used":1683098376769,"created":1683098376769,"remoteIdentityKey":"BXG9jGTWXcBHKvz4c388u9R4NRZic2jSzBe0xyoo+353"},"_chains":{"Ba/8Y8D9RwJNOKQqRN59QL7iI1+NsZINTNREuHuslcA7":{"chainKey":{"counter":0,"key":"kv0/EN8MnH0iHjJ5vwoH1kfOmKbHXSh/MYpZa4zas2w="},"chainType":1,"messageKeys":{}}},"pendingPreKey":{"signedKeyId":16,"baseKey":"Bf2X/Gw7GV0Y3azNSe1siXF7u/msBh4upKu78/AqZNg2","preKeyId":8431277}}},"version":"v1"}