{"_sessions":{"BUL6eYdD2J1nO/3qF82JjXtc5bs+RUHnbdUbVc0CxAZY":{"registrationId":662794236,"currentRatchet":{"ephemeralKeyPair":{"pubKey":"BcnIxcWG5SNWLdMPJ6vtDw++oe/yilSRyxtNjKTgGx8u","privKey":"+I8k2s4elsE82gxBcqbDv5W7o9zsz+Ohnu20X+tS+1w="},"lastRemoteEphemeralKey":"BRhpQDZF7ymOdYG/2mDF6y60XHDDWIrpvVugRaQQaERE","previousCounter":0,"rootKey":"UZ0XWmLQFTUM2RHb5BgdOL6bccYdGf5LqP7Vzzq2jjg="},"indexInfo":{"baseKey":"BUL6eYdD2J1nO/3qF82JjXtc5bs+RUHnbdUbVc0CxAZY","baseKeyType":1,"closed":-1,"used":1683090269047,"created":1683090269047,"remoteIdentityKey":"Ba4i9eoTC6PrPS7+W8k+FaFUvj2yAixp37Xhm9FdHK8x"},"_chains":{"BcnIxcWG5SNWLdMPJ6vtDw++oe/yilSRyxtNjKTgGx8u":{"chainKey":{"counter":0,"key":"iFe2/GndovARAP2EAaGWn7oLV7y7E85df+SD2IzXrWI="},"chainType":1,"messageKeys":{}}},"pendingPreKey":{"signedKeyId":1,"baseKey":"BUL6eYdD2J1nO/3qF82JjXtc5bs+RUHnbdUbVc0CxAZY","preKeyId":11037552}}},"version":"v1"}