{"_sessions":{"BdPrNakKueavzqkS3F3D9EpE+3XVa2cNex81SjzyHJpz":{"registrationId":334212111,"currentRatchet":{"ephemeralKeyPair":{"pubKey":"BRccxHfr0XgW6JN1YT3Ksahu+onUES5W4QqqbdNrf9w3","privKey":"4NdO0bW9c6d4BnoHyO9sMrtjSwGQhA8ZsAjAiRRZBEw="},"lastRemoteEphemeralKey":"BZ63UUCxKTDZ2SyCER04cyf1C7pcmYMfMrdPIYUE+fwB","previousCounter":0,"rootKey":"HqUfwtdfeGQN/MEdoMvFVn3fBZgbCsZiTzAgAkKxcGg="},"indexInfo":{"baseKey":"BdPrNakKueavzqkS3F3D9EpE+3XVa2cNex81SjzyHJpz","baseKeyType":1,"closed":1683003033609,"used":1683003016331,"created":1683003016331,"remoteIdentityKey":"BX70JrLq34mcelCGZErcZ+g6UQQaKkE0bzkVoWl3nsow"},"_chains":{"BRccxHfr0XgW6JN1YT3Ksahu+onUES5W4QqqbdNrf9w3":{"chainKey":{"counter":-1,"key":"ZonX8i0YSatMdsd9pXVHMHZAqqmfg5XIkIX6XfaFHrQ="},"chainType":1,"messageKeys":{}}},"pendingPreKey":{"signedKeyId":1,"baseKey":"BdPrNakKueavzqkS3F3D9EpE+3XVa2cNex81SjzyHJpz","preKeyId":1139467}},"BePAnoo+FYd34aC3JBgSjv0QqlV9doVDQwpC+WNniVQj":{"registrationId":334212111,"currentRatchet":{"ephemeralKeyPair":{"pubKey":"BeqS5vG4WsIuwN8x8DsCqzTUt9jqxnIjEKTPDebUl/JW","privKey":"qP5j0ttOUmU5yln4Rg/yq8SeorfGm3pgMnwK/wXjXG4="},"lastRemoteEphemeralKey":"BZ63UUCxKTDZ2SyCER04cyf1C7pcmYMfMrdPIYUE+fwB","previousCounter":0,"rootKey":"ighGTRId/5W/z7ihzvYZu7IEBRoklYm+RcuNDS6r9Bo="},"indexInfo":{"baseKey":"BePAnoo+FYd34aC3JBgSjv0QqlV9doVDQwpC+WNniVQj","baseKeyType":1,"closed":-1,"used":1683003033603,"created":1683003033603,"remoteIdentityKey":"BX70JrLq34mcelCGZErcZ+g6UQQaKkE0bzkVoWl3nsow"},"_chains":{"BeqS5vG4WsIuwN8x8DsCqzTUt9jqxnIjEKTPDebUl/JW":{"chainKey":{"counter":-1,"key":"vAKWClhNJDkqm2+HEJ2R0To7smc2hi4z9C0+mv3UyaA="},"chainType":1,"messageKeys":{}}},"pendingPreKey":{"signedKeyId":1,"baseKey":"BePAnoo+FYd34aC3JBgSjv0QqlV9doVDQwpC+WNniVQj","preKeyId":1140157}}},"version":"v1"}