{"_sessions":{"BX2WWlZe0kbI/BW8QLyuNtE7rT3jpVMqmzigaG8ggPJ0":{"registrationId":918626050,"currentRatchet":{"ephemeralKeyPair":{"pubKey":"BUwahy644Rn7KnF6Xk4OQFIwl1pLWR9qtuYSzhp7Kjc9","privKey":"+B4n1mVDgSiONVV3UqK7UJszsnduCxb4pg2JSnKn1nQ="},"lastRemoteEphemeralKey":"BVSqA+bdy43VKF7LKPlm7rx7ECUDfNMrbJ/NvsVovoBn","previousCounter":0,"rootKey":"8gkdwoAQjBQQbQB3zHFnsHCMItDPdDpkYeZXiALqgw8="},"indexInfo":{"baseKey":"BX2WWlZe0kbI/BW8QLyuNtE7rT3jpVMqmzigaG8ggPJ0","baseKeyType":1,"closed":-1,"used":1683098376799,"created":1683098376799,"remoteIdentityKey":"BUKcplxSUlbZJBa4agPCJov3Lo4lAM660rDP/JOLhcFV"},"_chains":{"BUwahy644Rn7KnF6Xk4OQFIwl1pLWR9qtuYSzhp7Kjc9":{"chainKey":{"counter":0,"key":"oLlLRpZ+9Wjw/g/EkwU86ORVk9lt1mZvqDcto//9OxA="},"chainType":1,"messageKeys":{}}},"pendingPreKey":{"signedKeyId":0,"baseKey":"BX2WWlZe0kbI/BW8QLyuNtE7rT3jpVMqmzigaG8ggPJ0","preKeyId":3434252}}},"version":"v1"}