{"_sessions":{"BQKn3mE54L243QHTu2roHUfY+KDhCvbexwabhZEMpOQB":{"registrationId":128787251,"currentRatchet":{"ephemeralKeyPair":{"pubKey":"BQ3vsmVaqlx+LGljLCqRbR1CGe+vaWk4lOtBAoI7Pxwj","privKey":"oICxDBOE5yO2NQ8wWVjcrsNuojCla+GGu52NOhaJ2Us="},"lastRemoteEphemeralKey":"BVOt7Kc/+gSqKJU/1uFxTDQ/a67ntO2KgA4/EbiIMbRc","previousCounter":0,"rootKey":"rZ7BD/Zn6BlGeFNiPJIneEWDNc/F2VD35RSorxtKHCY="},"indexInfo":{"baseKey":"BQKn3mE54L243QHTu2roHUfY+KDhCvbexwabhZEMpOQB","baseKeyType":1,"closed":-1,"used":1682943144220,"created":1682943144220,"remoteIdentityKey":"BfM7aY2XkWLH5m18Ejoo2F/QFD67OHQiUI3nceRIoQ4p"},"_chains":{"BQ3vsmVaqlx+LGljLCqRbR1CGe+vaWk4lOtBAoI7Pxwj":{"chainKey":{"counter":16,"key":"jgFTC6p8zteg2oVLtMDTjpaplt51WM3LSOKhI4Q90yo="},"chainType":1,"messageKeys":{}}},"pendingPreKey":{"signedKeyId":10,"baseKey":"BQKn3mE54L243QHTu2roHUfY+KDhCvbexwabhZEMpOQB","preKeyId":1338872}}},"version":"v1"}