{"_sessions":{"Berf4+RKZdia2TLltrA7gZn1yJ+/xMjEUHtraHisF/Y7":{"registrationId":1816613773,"currentRatchet":{"ephemeralKeyPair":{"pubKey":"BRMi+dPJbO4twHKrs5ahwpIUEuvuOJ0MPreRVzYQ8GEm","privKey":"kLPMkpwDmdB6CRywns7QgXaikWDUKM4gTf1PDhPVDVM="},"lastRemoteEphemeralKey":"BT00c07Ob2nX+ieeNS/fiSMHcA5GSF4XpET5TGFjvgsm","previousCounter":0,"rootKey":"VFNX2YD6RSFXwWXggmssCtxS4c9EaxjhUC4a7NuBnMY="},"indexInfo":{"baseKey":"Berf4+RKZdia2TLltrA7gZn1yJ+/xMjEUHtraHisF/Y7","baseKeyType":1,"closed":-1,"used":1682943144109,"created":1682943144109,"remoteIdentityKey":"BV3VFtzy7Qdugpnk8Wgxf2QJMYBb34PEsRucuf0dhC4/"},"_chains":{"BRMi+dPJbO4twHKrs5ahwpIUEuvuOJ0MPreRVzYQ8GEm":{"chainKey":{"counter":16,"key":"wazQ28D1Flz96BbZZkFijqtR3a0/LvWEAk0jik0FJps="},"chainType":1,"messageKeys":{}}},"pendingPreKey":{"signedKeyId":23,"baseKey":"Berf4+RKZdia2TLltrA7gZn1yJ+/xMjEUHtraHisF/Y7","preKeyId":13419700}}},"version":"v1"}