{"_sessions":{"BSUvRQOWfKq78tyV8xDSrHYGYRbdUkkX6e+Gxcrm/+VH":{"registrationId":469836280,"currentRatchet":{"ephemeralKeyPair":{"pubKey":"BUuNboGFhzlkiri4kBaPjcnk+yWU0Rx0vsFfMGusr0Ik","privKey":"AKDfQKbXDM/DMGNvQep7rMtDBlJUGxoqGiIx51AaRUA="},"lastRemoteEphemeralKey":"BYMeG+XeukaRgRYpvE141cOkzfexiemZOiSxBhFphT1C","previousCounter":0,"rootKey":"j4bqyBWrCwqhBCGyEuxDxYeJ0GHBXmkIXId2izeuXrQ="},"indexInfo":{"baseKey":"BSUvRQOWfKq78tyV8xDSrHYGYRbdUkkX6e+Gxcrm/+VH","baseKeyType":1,"closed":-1,"used":1683098376895,"created":1683098376895,"remoteIdentityKey":"BRs98yHe7vaL+HtD6zoH82+/t3QWVAmR4n4YeGSJBUkh"},"_chains":{"BUuNboGFhzlkiri4kBaPjcnk+yWU0Rx0vsFfMGusr0Ik":{"chainKey":{"counter":0,"key":"VFJka/vwpRh3wVBnegIufqyLox2C9DDGBs5BLah8hhc="},"chainType":1,"messageKeys":{}}},"pendingPreKey":{"signedKeyId":4,"baseKey":"BSUvRQOWfKq78tyV8xDSrHYGYRbdUkkX6e+Gxcrm/+VH","preKeyId":1502932}}},"version":"v1"}