{"_sessions":{"BYZ46hMj5zqywMunA+00Te1pg88JOyGmvfvBD3Z44pY9":{"registrationId":1452676648,"currentRatchet":{"ephemeralKeyPair":{"pubKey":"BUhW99BDYnaw5dL9syhPCdMIFpHZrL1vXkcgI0ZvtbUJ","privKey":"uFxMSnpxfw/KjDPXKqqYD2Lduf388loO6DHRlmlJhmU="},"lastRemoteEphemeralKey":"BYNqR0ih651f6iNULFoopqcl2Fn8gFXBDudXYhYDF585","previousCounter":0,"rootKey":"ELx0xb2YFVOHoy3raNyF78uSuYne258CP8LYgxTzfl8="},"indexInfo":{"baseKey":"BYZ46hMj5zqywMunA+00Te1pg88JOyGmvfvBD3Z44pY9","baseKeyType":1,"closed":-1,"used":1683098376811,"created":1683098376811,"remoteIdentityKey":"BVhGdvbgHph3usxaPon3tpZ3FjY5nkqkifqY81vJH5xn"},"_chains":{"BUhW99BDYnaw5dL9syhPCdMIFpHZrL1vXkcgI0ZvtbUJ":{"chainKey":{"counter":0,"key":"vXz5EsaxoRZ5Gmy9r/DVO426yurqCwwz69Fd6Cwrzcc="},"chainType":1,"messageKeys":{}}},"pendingPreKey":{"signedKeyId":13,"baseKey":"BYZ46hMj5zqywMunA+00Te1pg88JOyGmvfvBD3Z44pY9"}}},"version":"v1"}