{"_sessions":{"BfRpRmZGTMrvst3Emwzf+kIm91gWIH8/G4g6msw8+A4Q":{"registrationId":1609657970,"currentRatchet":{"ephemeralKeyPair":{"pubKey":"BQo42a8TrzCCh5eOvT5TwA0p7LqVHGKbwMUQWn4O6OpJ","privKey":"cLbGUPh2KcvLp1wuj2jq5El7c18mrNG8eOZzU3tsdkg="},"lastRemoteEphemeralKey":"BWprMrVkhOFK6CCVnHBblJ7oJrJreAUjPeE+lKwNSUZt","previousCounter":0,"rootKey":"eTfib94aFCPa9f9/G3UZS92Nk07ii8uHao7iyjlIiNY="},"indexInfo":{"baseKey":"BfRpRmZGTMrvst3Emwzf+kIm91gWIH8/G4g6msw8+A4Q","baseKeyType":1,"closed":-1,"used":1683098376807,"created":1683098376807,"remoteIdentityKey":"BQro1T38UZ3mwHRuNkbwk/rStmCLeZixLNNCK5bX0UR+"},"_chains":{"BQo42a8TrzCCh5eOvT5TwA0p7LqVHGKbwMUQWn4O6OpJ":{"chainKey":{"counter":0,"key":"C7TTEs/qJ/UbTokfyzkPC6i7/qLE5tOB52+8sNYs2tc="},"chainType":1,"messageKeys":{}}},"pendingPreKey":{"signedKeyId":16,"baseKey":"BfRpRmZGTMrvst3Emwzf+kIm91gWIH8/G4g6msw8+A4Q","preKeyId":15593383}}},"version":"v1"}