{"_sessions":{"BTMsQ5RG7kM31uu4z9zS+PAFxXNfvAp77HULFAYuCHlt":{"registrationId":937596307,"currentRatchet":{"ephemeralKeyPair":{"pubKey":"BZDTrt5Qm7cTy1Z2DWb08SAu8RX32bXyJkiRif2N6r5G","privKey":"+CVL49Z2KzZAx4TcUyIucpDHMIdMynf1ehJg4ddcnUk="},"lastRemoteEphemeralKey":"BSyseIfIpYD36zwO6tiAYSQXcPfLzHEJynWHzV2VuPpV","previousCounter":0,"rootKey":"KfiV4Tetl+c7IwL8ryM1iWc2BOka0y5CM7xQJnz81Ho="},"indexInfo":{"baseKey":"BTMsQ5RG7kM31uu4z9zS+PAFxXNfvAp77HULFAYuCHlt","baseKeyType":1,"closed":-1,"used":1682943144158,"created":1682943144158,"remoteIdentityKey":"BaFCA02NQNo70tcty+Yo7RTpAtEjLL0yZv4hQ+8FTlBA"},"_chains":{"BZDTrt5Qm7cTy1Z2DWb08SAu8RX32bXyJkiRif2N6r5G":{"chainKey":{"counter":16,"key":"HG3Uz7VhMd2vhBquVTMOazs0nQaQ7vJEkrD4qojnld0="},"chainType":1,"messageKeys":{}}},"pendingPreKey":{"signedKeyId":5,"baseKey":"BTMsQ5RG7kM31uu4z9zS+PAFxXNfvAp77HULFAYuCHlt","preKeyId":13324025}}},"version":"v1"}