{"_sessions":{"BQOYe4qm6lEyiCid1k1WVrJqUnKo/+CI36ttzfBOXJBP":{"registrationId":254405118,"currentRatchet":{"ephemeralKeyPair":{"pubKey":"BUHl71WBo3VNkiwrUnQzFJ0eSSDIP+mKT5yxh7/pa5EV","privKey":"QBjS1wJe/nqdzRRbiLLavtHNysyYP5Tu1c14wqouVls="},"lastRemoteEphemeralKey":"BY8ZRz/DNLLXm3h2mNw4EGqAWkWN+/+rnmMFYyVg8FtD","previousCounter":0,"rootKey":"oMVb0vxV64PoIeWQE0QMQYSVhaxClEuZoQdKodUfkGE="},"indexInfo":{"baseKey":"BQOYe4qm6lEyiCid1k1WVrJqUnKo/+CI36ttzfBOXJBP","baseKeyType":1,"closed":-1,"used":1682943144133,"created":1682943144133,"remoteIdentityKey":"BWlX8RY3BQ6cuY8E3GpPmqECARTn8oDfEHdgAFMwnpMu"},"_chains":{"BUHl71WBo3VNkiwrUnQzFJ0eSSDIP+mKT5yxh7/pa5EV":{"chainKey":{"counter":16,"key":"cGfuvmP58BNpESmKtpJvVXyXOrrNBbB0908wHl9TDyM="},"chainType":1,"messageKeys":{}}},"pendingPreKey":{"signedKeyId":1,"baseKey":"BQOYe4qm6lEyiCid1k1WVrJqUnKo/+CI36ttzfBOXJBP"}}},"version":"v1"}