{"_sessions":{"BawkT8RtOKiN0AFmqBxWMS8Mx4g+hDu/K2KEXupkvJYX":{"registrationId":1823651935,"currentRatchet":{"ephemeralKeyPair":{"pubKey":"BYkB6IudXuHjDdSNGDp5O6V4Xj9nPqk2xao9ntZeH2cD","privKey":"8KHfPm1FbOmiR5+jV55dyrMt8KjK/I7bwZ9XUrSM53g="},"lastRemoteEphemeralKey":"BQAghJJQoh3K3epQ6Nb+MFUh/aaSZ/iagxQ1p3U2l1I5","previousCounter":0,"rootKey":"Hf/3Rb1zd1ZyA7LxGzeeROVV7H+zxcL6gMqZ2RkzUGs="},"indexInfo":{"baseKey":"BawkT8RtOKiN0AFmqBxWMS8Mx4g+hDu/K2KEXupkvJYX","baseKeyType":1,"closed":-1,"used":1683109986488,"created":1682943144146,"remoteIdentityKey":"BRfWZNPE3tQXqahc56KzVe+eooq60+JeYB3LrYpZDbx0"},"_chains":{"BTthrC43rsWz53aTs5kBsefBi3Ktid/OzNm8533jKJRQ":{"chainKey":{"counter":0},"chainType":2,"messageKeys":{}},"BUS1hYkqNL+3qU4yb4AtOyTXAp9TU5JeQi9FBYB0N0JA":{"chainKey":{"counter":1},"chainType":2,"messageKeys":{"1":"ZhoR8sSytNJ5ZEjY8f+SeVTrkFPyxwmxzXcZaPFCa9E="}},"Bewj2uU7n/fv2nrkqclnrpDqcdVISCNJGUF1S36Avcct":{"chainKey":{"counter":0},"chainType":2,"messageKeys":{}},"Bb89UTQnTP+MX0tntWgWp0EeKNp3p+wsf2F9kFWtXFtN":{"chainKey":{"counter":4},"chainType":2,"messageKeys":{"2":"Ka5Ad0JjMadSwktfyieQ0Uz5+aAtZYj2iM4jz3lcIKU=","3":"54xf+QdWb8twKOnRxu7Dppfj4/+zVzgdQ23uPXqnUoc="}},"BcvW+B9xOO3px06CccxUTdsEF8GMFv0l2BdvEOwVyHI8":{"chainKey":{"counter":0},"chainType":2,"messageKeys":{}},"BSUR+M2IBWjuRd7sNEK64cRxCjr4vV/8EeWq4VuvOqtx":{"chainKey":{"counter":4},"chainType":2,"messageKeys":{"0":"hIIPZ5Ran6BoEjtkd0BnaEb4lBqSBpJvjFzz+8KpD0Q=","1":"ICc2NIZJ94OKqu0bJYmLwuVGs1Q7Xk3ItMoVqs+5I8I="}},"BQAghJJQoh3K3epQ6Nb+MFUh/aaSZ/iagxQ1p3U2l1I5":{"chainKey":{"counter":2,"key":"TmU3tTOw4ye67udkKa498zaHUz3GxDlswBH5uWI932E="},"chainType":2,"messageKeys":{}},"BYkB6IudXuHjDdSNGDp5O6V4Xj9nPqk2xao9ntZeH2cD":{"chainKey":{"counter":0,"key":"ZVzoRjfO64CMIQExr6BsumeaPSL2k5qjhMn/7hrDlks="},"chainType":1,"messageKeys":{}}}}},"version":"v1"}