{"_sessions":{"BfcEGHXdO0yqoW+KhmB695G2Q1xp0zglCQOTg1xIlD4l":{"registrationId":1089372317,"currentRatchet":{"ephemeralKeyPair":{"pubKey":"Ba7ZjXXCUWxIZStQUEKtx+Gnk3BfhC5I8swO5nSKiJop","privKey":"sG2z/vA9zpuQY1VUDGOk8pVKkYbTcuE3k9JLGUsdgmc="},"lastRemoteEphemeralKey":"Bd/5WbjrW7i0auFUeiI4Zc0NkAWIIdNPORe8IIDUBo9h","previousCounter":0,"rootKey":"folB6Mpw7o9gw6PL2CfFULWZSw4cGghD0QnnZ93OTRk="},"indexInfo":{"baseKey":"BfcEGHXdO0yqoW+KhmB695G2Q1xp0zglCQOTg1xIlD4l","baseKeyType":1,"closed":-1,"used":1683098376810,"created":1683098376810,"remoteIdentityKey":"BcPBCS/87kLwFqNj5s/VSxFCi0xtZ3+grIhm71/D31YE"},"_chains":{"Ba7ZjXXCUWxIZStQUEKtx+Gnk3BfhC5I8swO5nSKiJop":{"chainKey":{"counter":0,"key":"LwcTZTNPpPY7ZGerZ24pBvT/k1uJdtCewo4qms/fS4g="},"chainType":1,"messageKeys":{}}},"pendingPreKey":{"signedKeyId":0,"baseKey":"BfcEGHXdO0yqoW+KhmB695G2Q1xp0zglCQOTg1xIlD4l"}}},"version":"v1"}