{"_sessions":{"BcAtitP0pBM6xCwpUKAN5bdgiPX0H56ABv+jP+lzCd1U":{"registrationId":457241922,"currentRatchet":{"ephemeralKeyPair":{"pubKey":"Balfw7IMG0S9SyibihATJw2L/E/DdC7+JA2wEhmHW7lP","privKey":"0CLRNt8L+MOwvOTdbpnQu6U+WQYjFlFOB6TJ4wM51Fc="},"lastRemoteEphemeralKey":"BUOFUJcW7nAY08XtNIiuWFWQsDDdIWd3sqC/M9L+u3pa","previousCounter":0,"rootKey":"OSrRthdviJMLjjf8EHM/n0KHt01mpmK+Ig0QV2OEcRo="},"indexInfo":{"baseKey":"BcAtitP0pBM6xCwpUKAN5bdgiPX0H56ABv+jP+lzCd1U","baseKeyType":1,"closed":-1,"used":1683098376783,"created":1683098376783,"remoteIdentityKey":"BTdaJO00jqTeqgbveefC7fkFu3O+fwtM9JMNvXUjCh06"},"_chains":{"Balfw7IMG0S9SyibihATJw2L/E/DdC7+JA2wEhmHW7lP":{"chainKey":{"counter":0,"key":"IaS4q0auCUyykLT8O71ywUO7AenvfKrX9bHGySy3upY="},"chainType":1,"messageKeys":{}}},"pendingPreKey":{"signedKeyId":1,"baseKey":"BcAtitP0pBM6xCwpUKAN5bdgiPX0H56ABv+jP+lzCd1U","preKeyId":9190625}}},"version":"v1"}