{"_sessions":{"Bea4uQ88rJiQk3MSMnp5U8C4QODUqDvVh+AGeaSPUNp1":{"registrationId":205,"currentRatchet":{"ephemeralKeyPair":{"pubKey":"BTyFAvPKGenq0rNsWqr/MOzuShos20Nlb92A6slN99hu","privKey":"UCoILS0/g2BVKx1gNfMZbp/3CY5P574WaDOBeK78m1A="},"lastRemoteEphemeralKey":"BfqZLrvewi2wlohFGYeLyCbcl0hXONoYkQn2Sp+OpA83","previousCounter":0,"rootKey":"+PDrhY9HDghRzFsT2Fymhg7FOB42Xz4mnaq4yIka7gM="},"indexInfo":{"baseKey":"Bea4uQ88rJiQk3MSMnp5U8C4QODUqDvVh+AGeaSPUNp1","baseKeyType":1,"closed":-1,"used":1682943144033,"created":1682943144033,"remoteIdentityKey":"BT3M9JfBM40FyVLoOCTG43575oH6gLwYd9st7k4X+V1T"},"_chains":{"BTyFAvPKGenq0rNsWqr/MOzuShos20Nlb92A6slN99hu":{"chainKey":{"counter":16,"key":"vGNcSYrB3Q+LWfQA0bxEkUI7en9lzNoO0zyX6M6BGlU="},"chainType":1,"messageKeys":{}}},"pendingPreKey":{"signedKeyId":1,"baseKey":"Bea4uQ88rJiQk3MSMnp5U8C4QODUqDvVh+AGeaSPUNp1"}}},"version":"v1"}