{"_sessions":{"BXV1zr35ywP14A4dutTSxA3lagTtRsoC5CR2VBZ/9DVY":{"registrationId":587063319,"currentRatchet":{"ephemeralKeyPair":{"pubKey":"Balw8aA5ub2+Zy11OUnPh0IcZeSDPP8aXed9FU8e/7oG","privKey":"cBXErYwStky/4dK1LC8NJuVhAPmO7kgY0s2Z6iOJY1A="},"lastRemoteEphemeralKey":"BSQrWRGAFg6K4ym7xS2Vd/YF0ssb/QiVWEoiFKQaIXZe","previousCounter":0,"rootKey":"EhqEFqy+LPr4okZsrPp+i2zfLgbut0VfSAag0tsvUsI="},"indexInfo":{"baseKey":"BXV1zr35ywP14A4dutTSxA3lagTtRsoC5CR2VBZ/9DVY","baseKeyType":1,"closed":-1,"used":1683098376780,"created":1683098376780,"remoteIdentityKey":"BcGWmQjeTlp4kgbYCewwXliKW6bNgbtSNTuLMCEO23FI"},"_chains":{"Balw8aA5ub2+Zy11OUnPh0IcZeSDPP8aXed9FU8e/7oG":{"chainKey":{"counter":0,"key":"sIHiw+YQkC8kPYQOjKazo6BnqoIORvFomTdmOExDRcI="},"chainType":1,"messageKeys":{}}},"pendingPreKey":{"signedKeyId":11,"baseKey":"BXV1zr35ywP14A4dutTSxA3lagTtRsoC5CR2VBZ/9DVY"}}},"version":"v1"}