{"_sessions":{"Bd5yFU+2hIBH3KX8u/pcGgQEqxgLcCtypBRFpqWXLgN+":{"registrationId":39,"currentRatchet":{"ephemeralKeyPair":{"pubKey":"Be5tnqJyEgw4F5usQv4/RjuniaOzTTfu9N4ZQM8lQOlu","privKey":"KLOmzM0XbXUmuDsS8wHjuw7Ty9qtI8yiIQ+TSOmkpEU="},"lastRemoteEphemeralKey":"Bd/rY4Qvd0O4VnfiwqX6EvjdYOLsvw2WL8m9FyaX69Z9","previousCounter":0,"rootKey":"WQMD4Qu0j7X00psjuOf1B4uZkYUNRVXK1fi1/l7P7rs="},"indexInfo":{"baseKey":"Bd5yFU+2hIBH3KX8u/pcGgQEqxgLcCtypBRFpqWXLgN+","baseKeyType":1,"closed":-1,"used":1682943144042,"created":1682943144042,"remoteIdentityKey":"BfpSxlJNrletzTN6w2/x9YTanRiIrd41mX2agZFEO0Eo"},"_chains":{"Be5tnqJyEgw4F5usQv4/RjuniaOzTTfu9N4ZQM8lQOlu":{"chainKey":{"counter":16,"key":"5tL8Hio7i9DuZEtb7iP4OhguUuvdgHCR9ljRN70qKpE="},"chainType":1,"messageKeys":{}}},"pendingPreKey":{"signedKeyId":1,"baseKey":"Bd5yFU+2hIBH3KX8u/pcGgQEqxgLcCtypBRFpqWXLgN+"}}},"version":"v1"}