{"_sessions":{"BVdAz2ld99W96IeJHVomByl0cAQVztMpdIVRlqHpXhZO":{"registrationId":1143406409,"currentRatchet":{"ephemeralKeyPair":{"pubKey":"BYg9/95la8bDUlArTVadVeEbY8ZB8YKCktutoKlrXadF","privKey":"mOPPXxlNCDS7q36D9e9wGL6NbRUAnvxYv2mciEI88kw="},"lastRemoteEphemeralKey":"BTh515dbBT4emhz0AO2E/lTO+BfWyb6UEAxCBeuHMpR+","previousCounter":0,"rootKey":"Z7w1toNlMb1RNswCEje2ts3sL+JmSZ2laMgKx2kf1uc="},"indexInfo":{"baseKey":"BVdAz2ld99W96IeJHVomByl0cAQVztMpdIVRlqHpXhZO","baseKeyType":1,"closed":-1,"used":1682943144160,"created":1682943144160,"remoteIdentityKey":"BXKfdZzPq9SEmKMK3BAsZisQRL0z++K83jq5186jb5AA"},"_chains":{"BYg9/95la8bDUlArTVadVeEbY8ZB8YKCktutoKlrXadF":{"chainKey":{"counter":16,"key":"nvSs2NdmeezYESzbArjRea9AIMWxopz/CmyrPoV1w5Q="},"chainType":1,"messageKeys":{}}},"pendingPreKey":{"signedKeyId":0,"baseKey":"BVdAz2ld99W96IeJHVomByl0cAQVztMpdIVRlqHpXhZO"}}},"version":"v1"}