{"_sessions":{"BY6jzwc478DGbgNPeo8wMVPR2AK9yZfn9jDgZ0h48k5F":{"registrationId":1330980474,"currentRatchet":{"ephemeralKeyPair":{"pubKey":"Bf6csvZrEWlELfxZ7Czv5Vhshef53ziK5BPxt9mCgRFf","privKey":"kHoPKzdCLr1U5P9jZyFRWOYeS/ICULP+RkhX2M+yiFQ="},"lastRemoteEphemeralKey":"Bazl7RgbHgcc0zdeiYQUUTRGvZ1MJZNpgwXPTgS1yYhb","previousCounter":0,"rootKey":"LXQR/NTH2ZVAWit1iT3PWRIZNxIj3efs64XoyX+ptEk="},"indexInfo":{"baseKey":"BY6jzwc478DGbgNPeo8wMVPR2AK9yZfn9jDgZ0h48k5F","baseKeyType":1,"closed":-1,"used":1682943144229,"created":1682943144229,"remoteIdentityKey":"BbHSpa7maEc9Rxmh/D+jDzzIy+NUHXAa7Jn3VOE1G6Bh"},"_chains":{"Bf6csvZrEWlELfxZ7Czv5Vhshef53ziK5BPxt9mCgRFf":{"chainKey":{"counter":16,"key":"vwqvozIGWF6sok6o42uI4kqOXMoh0fvs6XHZJU3WIR0="},"chainType":1,"messageKeys":{}}},"pendingPreKey":{"signedKeyId":0,"baseKey":"BY6jzwc478DGbgNPeo8wMVPR2AK9yZfn9jDgZ0h48k5F","preKeyId":12658651}}},"version":"v1"}