{"_sessions":{"BfvFk4ajAb9fwwa36obV+uXNwBqbhtPuAR2IEcyYOE1N":{"registrationId":1859283034,"currentRatchet":{"ephemeralKeyPair":{"pubKey":"BYmRVcxxrzC/EYIiX3/CBU0GQT3DbA4+beQgg6q4QN0a","privKey":"kPlB0v1fcVDMXUAdCvgy3BlUbzsekOl7ZNFCuhtA2lE="},"lastRemoteEphemeralKey":"BaqztI01n8CPeKC22g9cZ0wtb94j1GCyo9JgZeBXfj88","previousCounter":0,"rootKey":"H9f0ehjCAGORXPGa6lJmg/s+xF+FniifHUuxzghkAMo="},"indexInfo":{"baseKey":"BfvFk4ajAb9fwwa36obV+uXNwBqbhtPuAR2IEcyYOE1N","baseKeyType":1,"closed":1682982666540,"used":1682943144178,"created":1682943144178,"remoteIdentityKey":"BVHV5y3t/rzoPqGm6tkGTmc12a3eDP/7bdyKQJCTXd9v"},"_chains":{"BYmRVcxxrzC/EYIiX3/CBU0GQT3DbA4+beQgg6q4QN0a":{"chainKey":{"counter":6,"key":"QHP2IsiF6sfpiYRP9ereclTJAsgfKEvWL339yPfHWfs="},"chainType":1,"messageKeys":{}}},"pendingPreKey":{"signedKeyId":16,"baseKey":"BfvFk4ajAb9fwwa36obV+uXNwBqbhtPuAR2IEcyYOE1N","preKeyId":12292772}},"BTmIwAjhvkmIMK+7npyqV5u0xo0pmDBi4pmFxRz1ba0s":{"registrationId":1859283034,"currentRatchet":{"ephemeralKeyPair":{"pubKey":"BVww2+Ky/hCa5rgwYhaR2tW8xpfqiYlsxV6+z9XWjega","privKey":"+OoCnNM93aGnO2K930rYi/EEc4VHKWbbVnbpHm8cqE0="},"lastRemoteEphemeralKey":"BaqztI01n8CPeKC22g9cZ0wtb94j1GCyo9JgZeBXfj88","previousCounter":0,"rootKey":"p8EZRmkb324ma8YsQ7i6Y2mZx2RjIUp6GRxzBOQuScI="},"indexInfo":{"baseKey":"BTmIwAjhvkmIMK+7npyqV5u0xo0pmDBi4pmFxRz1ba0s","baseKeyType":1,"closed":1682982733224,"used":1682982666535,"created":1682982666535,"remoteIdentityKey":"BVHV5y3t/rzoPqGm6tkGTmc12a3eDP/7bdyKQJCTXd9v"},"_chains":{"BVww2+Ky/hCa5rgwYhaR2tW8xpfqiYlsxV6+z9XWjega":{"chainKey":{"counter":-1,"key":"7tIczJGDroS0yFpmV5tlTRGYIzR2etOl98Dsxt1O4ws="},"chainType":1,"messageKeys":{}}},"pendingPreKey":{"signedKeyId":16,"baseKey":"BTmIwAjhvkmIMK+7npyqV5u0xo0pmDBi4pmFxRz1ba0s","preKeyId":12292849}},"BdxXjc1leDU1iamCgtVwYwgF9ukMjfe7/N0j6NWOhWEf":{"registrationId":1859283034,"currentRatchet":{"ephemeralKeyPair":{"pubKey":"BRPkq3viE5f6e8HL3bnpxy46CVoO9xC34RI3LkmYft9u","privKey":"gJQUDePKX81bpmGAx8jQKxBt91P+Sv92Ei3sp3KAdG4="},"lastRemoteEphemeralKey":"BaqztI01n8CPeKC22g9cZ0wtb94j1GCyo9JgZeBXfj88","previousCounter":0,"rootKey":"wws5QHv/vWqTrKcZjurNYkOFOJU63FaeFMZlSFBWTGM="},"indexInfo":{"baseKey":"BdxXjc1leDU1iamCgtVwYwgF9ukMjfe7/N0j6NWOhWEf","baseKeyType":1,"closed":1682982733896,"used":1682982733222,"created":1682982733222,"remoteIdentityKey":"BVHV5y3t/rzoPqGm6tkGTmc12a3eDP/7bdyKQJCTXd9v"},"_chains":{"BRPkq3viE5f6e8HL3bnpxy46CVoO9xC34RI3LkmYft9u":{"chainKey":{"counter":-1,"key":"D8k1R7WE7LJT6ChX9CbF0SviXiP0jQ4j0b9Daouj6D4="},"chainType":1,"messageKeys":{}}},"pendingPreKey":{"signedKeyId":16,"baseKey":"BdxXjc1leDU1iamCgtVwYwgF9ukMjfe7/N0j6NWOhWEf","preKeyId":12292802}},"BbcqvexhNlJ2/bgdV3zNeVpDKV/uuRrnTjrYVGSE7/Mz":{"registrationId":1859283034,"currentRatchet":{"ephemeralKeyPair":{"pubKey":"BQ5DskzIQMhvcVZZTvmeddlY9pfYjZQbXo5USDbguZpB","privKey":"kJnMzbreehGDDpxF7ZFaxCxMEYWrK3CGCrJ0CG77m2s="},"lastRemoteEphemeralKey":"BaqztI01n8CPeKC22g9cZ0wtb94j1GCyo9JgZeBXfj88","previousCounter":0,"rootKey":"BBkOWQB7rc0NUAoHMI3WXMKtihXdDa+PdjSTNR4nBeo="},"indexInfo":{"baseKey":"BbcqvexhNlJ2/bgdV3zNeVpDKV/uuRrnTjrYVGSE7/Mz","baseKeyType":1,"closed":1682982741610,"used":1682982733894,"created":1682982733894,"remoteIdentityKey":"BVHV5y3t/rzoPqGm6tkGTmc12a3eDP/7bdyKQJCTXd9v"},"_chains":{"BQ5DskzIQMhvcVZZTvmeddlY9pfYjZQbXo5USDbguZpB":{"chainKey":{"counter":-1,"key":"gwXTT5sQq/wrwgJDx9ujHJY/aT006bgtDwxawkI1NIg="},"chainType":1,"messageKeys":{}}},"pendingPreKey":{"signedKeyId":16,"baseKey":"BbcqvexhNlJ2/bgdV3zNeVpDKV/uuRrnTjrYVGSE7/Mz","preKeyId":12292834}},"BQ2XR2zjpxRxLWCGiBrgJZ7MSLmbR0atsN22TtNWAxgg":{"registrationId":1859283034,"currentRatchet":{"ephemeralKeyPair":{"pubKey":"BexqzpqK3oF6q622r7SRKNeJx0RZKA7uup5FBVhvHtx2","privKey":"UGcJf2MhnV6ZsGedLupvRVQ0SSYGHyLuSHVa50Jbtkg="},"lastRemoteEphemeralKey":"BaqztI01n8CPeKC22g9cZ0wtb94j1GCyo9JgZeBXfj88","previousCounter":0,"rootKey":"t54Hk3HVLzylpz1sB3ilYOzqPSe+FDchnoJppUfkh48="},"indexInfo":{"baseKey":"BQ2XR2zjpxRxLWCGiBrgJZ7MSLmbR0atsN22TtNWAxgg","baseKeyType":1,"closed":1682982742558,"used":1682982741607,"created":1682982741607,"remoteIdentityKey":"BVHV5y3t/rzoPqGm6tkGTmc12a3eDP/7bdyKQJCTXd9v"},"_chains":{"BexqzpqK3oF6q622r7SRKNeJx0RZKA7uup5FBVhvHtx2":{"chainKey":{"counter":-1,"key":"/uz/VX0gOEYEYtYNR0q1SFH5T2lFpZ2jBn/Of0bwfkE="},"chainType":1,"messageKeys":{}}},"pendingPreKey":{"signedKeyId":16,"baseKey":"BQ2XR2zjpxRxLWCGiBrgJZ7MSLmbR0atsN22TtNWAxgg","preKeyId":12292815}},"BUwaPQgwXcbZ9akwEao7mWtDCzy1j/OJ4HmhXjDWvjVK":{"registrationId":1859283034,"currentRatchet":{"ephemeralKeyPair":{"pubKey":"BW/9pikBKxfnHeSj1mVW3Wgow1oe8ZpGgHf+m+V1/N12","privKey":"uP55Vs3yITJZAscVl1BLonWQCrQ8/8H4Lo1wDAQwukU="},"lastRemoteEphemeralKey":"BaqztI01n8CPeKC22g9cZ0wtb94j1GCyo9JgZeBXfj88","previousCounter":0,"rootKey":"dRTKdc7USHWVQIKvVEeNIcvGjwa3vbxvUkaQCcXlYak="},"indexInfo":{"baseKey":"BUwaPQgwXcbZ9akwEao7mWtDCzy1j/OJ4HmhXjDWvjVK","baseKeyType":1,"closed":1682982742897,"used":1682982742549,"created":1682982742549,"remoteIdentityKey":"BVHV5y3t/rzoPqGm6tkGTmc12a3eDP/7bdyKQJCTXd9v"},"_chains":{"BW/9pikBKxfnHeSj1mVW3Wgow1oe8ZpGgHf+m+V1/N12":{"chainKey":{"counter":-1,"key":"M2r+kkK3e8ZcIh4NjrOOmiPoTSBPqo5vrrj5IUkGv8Y="},"chainType":1,"messageKeys":{}}},"pendingPreKey":{"signedKeyId":16,"baseKey":"BUwaPQgwXcbZ9akwEao7mWtDCzy1j/OJ4HmhXjDWvjVK","preKeyId":12292842}},"BcSFXQJ31uj+QTFP77MAuiE8Uirxg1PXhy+MlpLZ4lIH":{"registrationId":1859283034,"currentRatchet":{"ephemeralKeyPair":{"pubKey":"Bai29zvJJYupPZMHGmtei/hHmswb3ER82gRBR/xMLVsk","privKey":"kMm09008/SEcvLsHC/GRGLJLBLAbYQBuuhZncPB3CWs="},"lastRemoteEphemeralKey":"BaqztI01n8CPeKC22g9cZ0wtb94j1GCyo9JgZeBXfj88","previousCounter":0,"rootKey":"j+HEpl5EI2sXjtoZTDlG8mooqz0rk0ql1jU8eMigXj4="},"indexInfo":{"baseKey":"BcSFXQJ31uj+QTFP77MAuiE8Uirxg1PXhy+MlpLZ4lIH","baseKeyType":1,"closed":1682982743248,"used":1682982742891,"created":1682982742891,"remoteIdentityKey":"BVHV5y3t/rzoPqGm6tkGTmc12a3eDP/7bdyKQJCTXd9v"},"_chains":{"Bai29zvJJYupPZMHGmtei/hHmswb3ER82gRBR/xMLVsk":{"chainKey":{"counter":-1,"key":"D+GpKIOeWmay5s1TIpcMVrcNYJNg449afyqKokyYPFs="},"chainType":1,"messageKeys":{}}},"pendingPreKey":{"signedKeyId":16,"baseKey":"BcSFXQJ31uj+QTFP77MAuiE8Uirxg1PXhy+MlpLZ4lIH","preKeyId":12293027}},"BadSsn9FTRAG9fXtLqRauEP7CeRjZiTUcY9u06M1nLtx":{"registrationId":1859283034,"currentRatchet":{"ephemeralKeyPair":{"pubKey":"BVIuyDjeoe/koO3k66f0Io9F4ys0QscRdyXpxPICgC5N","privKey":"ONoLhosZVVBMoWdz8Es0OzVsBDL+fQ06fRps+8FCU0g="},"lastRemoteEphemeralKey":"BaqztI01n8CPeKC22g9cZ0wtb94j1GCyo9JgZeBXfj88","previousCounter":0,"rootKey":"jGwld0bikHAcHk4l9QdauhUu29sIV2u7h9ADdERiSlQ="},"indexInfo":{"baseKey":"BadSsn9FTRAG9fXtLqRauEP7CeRjZiTUcY9u06M1nLtx","baseKeyType":1,"closed":1682982743571,"used":1682982743244,"created":1682982743244,"remoteIdentityKey":"BVHV5y3t/rzoPqGm6tkGTmc12a3eDP/7bdyKQJCTXd9v"},"_chains":{"BVIuyDjeoe/koO3k66f0Io9F4ys0QscRdyXpxPICgC5N":{"chainKey":{"counter":-1,"key":"7QF/tFbtz1vbyPNegOcQOlnbTdjzbbni3LsvbMOK/s0="},"chainType":1,"messageKeys":{}}},"pendingPreKey":{"signedKeyId":16,"baseKey":"BadSsn9FTRAG9fXtLqRauEP7CeRjZiTUcY9u06M1nLtx","preKeyId":12292827}},"BazuQWMlqXKfDVfwYB3cJBjvtWwlMMVKZ3nr4mf+Imp0":{"registrationId":1859283034,"currentRatchet":{"ephemeralKeyPair":{"pubKey":"Ba5ITnaNWzVgUUiA1CMsWpqJ/ab6MbQaMsoE+MmOfVh+","privKey":"eL9LxbNylMdblYVF/t9C4BlL5Hh1hZMRoQwPznU6xEM="},"lastRemoteEphemeralKey":"BaqztI01n8CPeKC22g9cZ0wtb94j1GCyo9JgZeBXfj88","previousCounter":0,"rootKey":"TBGw6WFkfAr5krQo0Ylhgb5KgE3P7YZSrpOfZFZRS8w="},"indexInfo":{"baseKey":"BazuQWMlqXKfDVfwYB3cJBjvtWwlMMVKZ3nr4mf+Imp0","baseKeyType":1,"closed":1682982743914,"used":1682982743567,"created":1682982743567,"remoteIdentityKey":"BVHV5y3t/rzoPqGm6tkGTmc12a3eDP/7bdyKQJCTXd9v"},"_chains":{"Ba5ITnaNWzVgUUiA1CMsWpqJ/ab6MbQaMsoE+MmOfVh+":{"chainKey":{"counter":-1,"key":"xdaXKN5LGeOzUE8bTSRqyQeJkLdGiMsrbNslfdl7ZOg="},"chainType":1,"messageKeys":{}}},"pendingPreKey":{"signedKeyId":16,"baseKey":"BazuQWMlqXKfDVfwYB3cJBjvtWwlMMVKZ3nr4mf+Imp0","preKeyId":12292904}},"BaNOrVyAk+O1OtJkrr8SBJ45NqGdn6AkBzY1zapr9mYd":{"registrationId":1859283034,"currentRatchet":{"ephemeralKeyPair":{"pubKey":"BdKLaGswF2+UEjm2E2sYVWC1B9/vqmS9wmlf3rwpcRk6","privKey":"MI0mMEj1Fnth8F6KlJKubngoMiRVYEqUtwyZuJyI4mI="},"lastRemoteEphemeralKey":"BaqztI01n8CPeKC22g9cZ0wtb94j1GCyo9JgZeBXfj88","previousCounter":0,"rootKey":"U7LwlQ5CxSbb8abkyHGoroUyhHKLB/GCDR1H4SXa2QE="},"indexInfo":{"baseKey":"BaNOrVyAk+O1OtJkrr8SBJ45NqGdn6AkBzY1zapr9mYd","baseKeyType":1,"closed":1682982744249,"used":1682982743910,"created":1682982743910,"remoteIdentityKey":"BVHV5y3t/rzoPqGm6tkGTmc12a3eDP/7bdyKQJCTXd9v"},"_chains":{"BdKLaGswF2+UEjm2E2sYVWC1B9/vqmS9wmlf3rwpcRk6":{"chainKey":{"counter":-1,"key":"eYPHxOLcToPFAppc7be6Rqeg8qMnv8AzvdtCyjL/zTo="},"chainType":1,"messageKeys":{}}},"pendingPreKey":{"signedKeyId":16,"baseKey":"BaNOrVyAk+O1OtJkrr8SBJ45NqGdn6AkBzY1zapr9mYd","preKeyId":12292756}},"BVuarmGf9y9+Pbp7424O8TDL680DpbNd/31HbOnc6AoS":{"registrationId":1859283034,"currentRatchet":{"ephemeralKeyPair":{"pubKey":"BYV7tiJtQsqaa1nYNnmzokkgweD8Y28o+IHp39BCXgFE","privKey":"+PHTBFv3mqKBB2KdMavw5bFcA33XjbaaE/5Kqafsrmw="},"lastRemoteEphemeralKey":"BaqztI01n8CPeKC22g9cZ0wtb94j1GCyo9JgZeBXfj88","previousCounter":0,"rootKey":"peyiZdFqny51n+Ly797w59ZSAkPH5W6vbiCe5vn8IV8="},"indexInfo":{"baseKey":"BVuarmGf9y9+Pbp7424O8TDL680DpbNd/31HbOnc6AoS","baseKeyType":1,"closed":1682982744590,"used":1682982744245,"created":1682982744245,"remoteIdentityKey":"BVHV5y3t/rzoPqGm6tkGTmc12a3eDP/7bdyKQJCTXd9v"},"_chains":{"BYV7tiJtQsqaa1nYNnmzokkgweD8Y28o+IHp39BCXgFE":{"chainKey":{"counter":-1,"key":"EeRIE75VPTW5uUUyAvd+hclktSDEbk/fYSj3WSvVsM0="},"chainType":1,"messageKeys":{}}},"pendingPreKey":{"signedKeyId":16,"baseKey":"BVuarmGf9y9+Pbp7424O8TDL680DpbNd/31HbOnc6AoS","preKeyId":12292837}},"BW6PcIXzgNXrEoR7kZ0s3NSd3lf0yy+d1VWKig4cFtxV":{"registrationId":1859283034,"currentRatchet":{"ephemeralKeyPair":{"pubKey":"BbhTshtq2Kxp9lhkTyKXHyvYEWRKc4K7vvRSa2h/Btk5","privKey":"oFizbq1lfkZ/omRBFUzpHkK92KNNrw4Aqjlx5rpF5FE="},"lastRemoteEphemeralKey":"BaqztI01n8CPeKC22g9cZ0wtb94j1GCyo9JgZeBXfj88","previousCounter":0,"rootKey":"goH3PnE7mytE3vFtwiHX+wUGgu+ScTD4v2Az9uJTwX0="},"indexInfo":{"baseKey":"BW6PcIXzgNXrEoR7kZ0s3NSd3lf0yy+d1VWKig4cFtxV","baseKeyType":1,"closed":1682982744938,"used":1682982744587,"created":1682982744587,"remoteIdentityKey":"BVHV5y3t/rzoPqGm6tkGTmc12a3eDP/7bdyKQJCTXd9v"},"_chains":{"BbhTshtq2Kxp9lhkTyKXHyvYEWRKc4K7vvRSa2h/Btk5":{"chainKey":{"counter":-1,"key":"TybJxzMtMqVUeGuvaVaQoKikqbA8RyXi/WR0+k1zkIg="},"chainType":1,"messageKeys":{}}},"pendingPreKey":{"signedKeyId":16,"baseKey":"BW6PcIXzgNXrEoR7kZ0s3NSd3lf0yy+d1VWKig4cFtxV","preKeyId":12292922}},"BTQ6Mvxr0OgFPJOEmeckXH3HJQn0TtObpQj4g8rEVrgq":{"registrationId":1859283034,"currentRatchet":{"ephemeralKeyPair":{"pubKey":"BRVkjskfWEKMTMevkm8U+pJZ8cWNBfx6I1DACys+vWR9","privKey":"wBIdMHbWTWLP8klMlmcJtJI4LKMPmIgPeaNPoKHchXE="},"lastRemoteEphemeralKey":"BaqztI01n8CPeKC22g9cZ0wtb94j1GCyo9JgZeBXfj88","previousCounter":0,"rootKey":"lmYokUxH/lyhidcdas0VKN/ZnlPV04VT39Ql6XfeElg="},"indexInfo":{"baseKey":"BTQ6Mvxr0OgFPJOEmeckXH3HJQn0TtObpQj4g8rEVrgq","baseKeyType":1,"closed":-1,"used":1682982744931,"created":1682982744931,"remoteIdentityKey":"BVHV5y3t/rzoPqGm6tkGTmc12a3eDP/7bdyKQJCTXd9v"},"_chains":{"BRVkjskfWEKMTMevkm8U+pJZ8cWNBfx6I1DACys+vWR9":{"chainKey":{"counter":9,"key":"gcntDM4YyLFBYgFRS0UFzv+GoG3IVmCC9WWOvE1d0o4="},"chainType":1,"messageKeys":{}}},"pendingPreKey":{"signedKeyId":16,"baseKey":"BTQ6Mvxr0OgFPJOEmeckXH3HJQn0TtObpQj4g8rEVrgq","preKeyId":12293044}}},"version":"v1"}