{"_sessions":{"BTWea632x8ZMBaO4t0SLlRjdsvJ9Gi4gKjEEyy/xcCJz":{"registrationId":1178189513,"currentRatchet":{"ephemeralKeyPair":{"pubKey":"BXlWQLtmB92IsnrIu9PjJL0ijDbGt/C1VIGcwNxB/wta","privKey":"kNBSPDayY+7etyxImREhAT7PABJmtMAYGXHw+VUYnHY="},"lastRemoteEphemeralKey":"BUESrJAs0DspuapTtW3PGVUs2iRMI4jwULqt1e/+qbtY","previousCounter":0,"rootKey":"Ig1oPKl84i/tcsB+KClOVgx6/PzPHrl/dNO8BOmkqyw="},"indexInfo":{"baseKey":"BTWea632x8ZMBaO4t0SLlRjdsvJ9Gi4gKjEEyy/xcCJz","baseKeyType":1,"closed":-1,"used":1683098376731,"created":1683098376731,"remoteIdentityKey":"BexHRhGt6Gv37E1dfKE4lrOwHNTDMkjmhQ2fdmwlfrEr"},"_chains":{"BXlWQLtmB92IsnrIu9PjJL0ijDbGt/C1VIGcwNxB/wta":{"chainKey":{"counter":0,"key":"EzkLjBRB3O7LlmbQfECxaOjQgGu+9421Tvvalygm6no="},"chainType":1,"messageKeys":{}}},"pendingPreKey":{"signedKeyId":9,"baseKey":"BTWea632x8ZMBaO4t0SLlRjdsvJ9Gi4gKjEEyy/xcCJz","preKeyId":6652800}}},"version":"v1"}