{"_sessions":{"BfEa2GGi4mSuCF2sYdwEfLRV2eMYfjC7x7TXBbo1EJ4a":{"registrationId":1939811394,"currentRatchet":{"ephemeralKeyPair":{"pubKey":"BWmYXgMSJhw97ZTgNxtFaODGsHy0/vJz0v/3NOOIBRQL","privKey":"mN5WgW7JvCF79uLefEl/X02Kze9Znr/QkAWQHMV/9WM="},"lastRemoteEphemeralKey":"Be+B1RDy1HRgNDpr69F0iCp1otzags+IcZVOqCexnQNB","previousCounter":0,"rootKey":"x8ZESCFETppX6Kv1S3MOROXfcnDHEuMJ9c2kc9dmatM="},"indexInfo":{"baseKey":"BfEa2GGi4mSuCF2sYdwEfLRV2eMYfjC7x7TXBbo1EJ4a","baseKeyType":1,"closed":-1,"used":1683098376894,"created":1683098376894,"remoteIdentityKey":"BdniOF0KAbFjQ68vv0nHgz0pSpgdpIBseFun1qCukEFS"},"_chains":{"BWmYXgMSJhw97ZTgNxtFaODGsHy0/vJz0v/3NOOIBRQL":{"chainKey":{"counter":0,"key":"vNmo0tMJcwaR2l1DBkfDKg8+y3hlu8mFWy+IKJh/2kw="},"chainType":1,"messageKeys":{}}},"pendingPreKey":{"signedKeyId":9,"baseKey":"BfEa2GGi4mSuCF2sYdwEfLRV2eMYfjC7x7TXBbo1EJ4a","preKeyId":15604562}}},"version":"v1"}