{"_sessions":{"BaP+I2oy5+0ahEuFLDivt+5nwXbiUmsiOO2MHtkWjqMJ":{"registrationId":1654954573,"currentRatchet":{"ephemeralKeyPair":{"pubKey":"BVsnPUhr5IQhkAkT3c/4+PPatF5NL+ylXFNV1egApkIE","privKey":"OMghrvntDJL/t9+hIu2kL0V4xfDBx3di04t3DKdNeE0="},"lastRemoteEphemeralKey":"BX0n2pt+PSTwz5RTtgSNk6OnksING0V/8947w19P/5ZH","previousCounter":0,"rootKey":"36AgdECSgZbQkvcCVM0tuSLB4OUj1s6stmt1ASNoCmQ="},"indexInfo":{"baseKey":"BaP+I2oy5+0ahEuFLDivt+5nwXbiUmsiOO2MHtkWjqMJ","baseKeyType":1,"closed":-1,"used":1683086749964,"created":1683003030579,"remoteIdentityKey":"Bd566vZxziX0oqVqtKjMXUnkVyH6ceBmPHsFfdV8IOdv"},"_chains":{"BdXtjgg43r2E6aCNlSvwOsJMk/NdmkN2uK5XXvko99wl":{"chainKey":{"counter":5},"chainType":2,"messageKeys":{"2":"d+6SLkTamI1AT5epi/uL4jpHuTWSF3qbe8dEEZ6xMzM=","3":"aBMR6/VpgrQ6UpyDWnZdb2rIq9iN2f7UBYn2MPj3BIY=","4":"WqRgEAuu8Vu2s9usknarjEiBaw27iSfzZiNrKlNmw+0=","5":"Kfh62hnfz8+ylk1GMhrvO5Svn0PAzuT43BHRE40fKgA="}},"BbcveznoTGCPWJWIOvkqcH7uU+g2pst+FGSR+QYeGeJS":{"chainKey":{"counter":0},"chainType":2,"messageKeys":{}},"Bdjgt2SLrkXs4uGxh9VfYMGTOLdFlWNHEbglD3MrnWdf":{"chainKey":{"counter":0},"chainType":2,"messageKeys":{}},"BX0n2pt+PSTwz5RTtgSNk6OnksING0V/8947w19P/5ZH":{"chainKey":{"counter":0,"key":"zi+lbEak+4nxoTyCN8dNxyWJXC6ca8ct65qEFqrxXJo="},"chainType":2,"messageKeys":{}},"BVsnPUhr5IQhkAkT3c/4+PPatF5NL+ylXFNV1egApkIE":{"chainKey":{"counter":0,"key":"zXTvb0InrUY3WrGgywXHwSRVZxK+7uF1qWj9N/Zluaw="},"chainType":1,"messageKeys":{}}}}},"version":"v1"}