{"_sessions":{"BepfyPd+OY95dTo2sRpKlTxraoM/c22gcqNfJcTsUPxP":{"registrationId":2077049284,"currentRatchet":{"ephemeralKeyPair":{"pubKey":"BXOIk6gxT0igyL0S29pxNHpYAa/pdacNXC6vFuBXv6cL","privKey":"yCRlUj5MzIeyIHrnj8QDParsf1zdM6wbBckylXgdA0U="},"lastRemoteEphemeralKey":"BfoN47TX0RyypkqF6D4w7Vfu4bZpY7Ofa/pCMtPv6V9F","previousCounter":0,"rootKey":"BFEOyVOZlU+FuEMlYkXdge4SI0w8bC/FVR/Dv7VtgWM="},"indexInfo":{"baseKey":"BepfyPd+OY95dTo2sRpKlTxraoM/c22gcqNfJcTsUPxP","baseKeyType":1,"closed":-1,"used":1683098376869,"created":1683098376869,"remoteIdentityKey":"BeEmItQqFMePG3ErMARi3Rl/z0RcyGKRf0scH+5Ek8gW"},"_chains":{"BXOIk6gxT0igyL0S29pxNHpYAa/pdacNXC6vFuBXv6cL":{"chainKey":{"counter":0,"key":"2w31yc7bKmtzj41CV6Nz/BzxSdhvF68vxURUetWtkpo="},"chainType":1,"messageKeys":{}}},"pendingPreKey":{"signedKeyId":2,"baseKey":"BepfyPd+OY95dTo2sRpKlTxraoM/c22gcqNfJcTsUPxP","preKeyId":12481055}}},"version":"v1"}