{"_sessions":{"BZ7+wIB3XWLtZC9BUNjERo8lcNq0VisTtoRkbDaH1g0Y":{"registrationId":432900678,"currentRatchet":{"ephemeralKeyPair":{"pubKey":"BbdcACzBDFHFAmUIAVya47q068g5G9k58lKAxKl1UaII","privKey":"QEeLCtoRUUgtWE46zniDxrp021rguRWYFzogJsQFR1s="},"lastRemoteEphemeralKey":"BUzP1MbpMB4/LbE+Qx+nYbCQuzcRaKKDcNiOp1tva6Ac","previousCounter":0,"rootKey":"Ji0UthcLJtY4A0vz5XRmt0WbwNYoqOp5JYLZDRf9sks="},"indexInfo":{"baseKey":"BZ7+wIB3XWLtZC9BUNjERo8lcNq0VisTtoRkbDaH1g0Y","baseKeyType":1,"closed":-1,"used":1683098376826,"created":1683098376826,"remoteIdentityKey":"BdliqKcOQ87sugRsXaFSUt+qDayLfQqiR1lxExvKwZEf"},"_chains":{"BbdcACzBDFHFAmUIAVya47q068g5G9k58lKAxKl1UaII":{"chainKey":{"counter":0,"key":"NYClPTjgjBbjkswjOjuFUNc8aVQqKveWvClxjwZXOh4="},"chainType":1,"messageKeys":{}}},"pendingPreKey":{"signedKeyId":5,"baseKey":"BZ7+wIB3XWLtZC9BUNjERo8lcNq0VisTtoRkbDaH1g0Y","preKeyId":2883182}}},"version":"v1"}