{"_sessions":{"BYHL9ZDHEGz9m8+NnHCJyQSHkHwfzkT2VSTn5TKsQR9G":{"registrationId":15,"currentRatchet":{"ephemeralKeyPair":{"pubKey":"BaQTJlmSh0kkZE1IRxW6FQ4DQzhswr9Paflq3sLuPq4V","privKey":"OENtPmJusz4DHxmUPV0TTMlpsSBbpbYp5S/SBGBCvEo="},"lastRemoteEphemeralKey":"BTBhHZ2/snRyv1CAGswit02QIb7I66uy35VVqa6PwH0w","previousCounter":1,"rootKey":"H61Ftn/OO9dOqYzqw0BUFWUm81d9wyVVHlMGZfGIfnw="},"indexInfo":{"baseKey":"BYHL9ZDHEGz9m8+NnHCJyQSHkHwfzkT2VSTn5TKsQR9G","baseKeyType":1,"closed":-1,"used":1682999134548,"created":1682943144043,"remoteIdentityKey":"BZgRV+2scvcG634NTKACkQ/xsozKm13FCiReiks9I8Fc"},"_chains":{"BSHmRkYuP+RC6jGREiqODE+5iCApmDiA5XnLxQjO+j8A":{"chainKey":{"counter":0},"chainType":2,"messageKeys":{}},"Bct3Wnbl5lmD3wNrFxP9oAgvLchX/uTyjEBEAPX06+wU":{"chainKey":{"counter":0},"chainType":2,"messageKeys":{}},"BTBhHZ2/snRyv1CAGswit02QIb7I66uy35VVqa6PwH0w":{"chainKey":{"counter":3,"key":"WkccjpbxsP8fJ3WufYyzpsjLoDX5V9T0JMWe3EHrVkI="},"chainType":2,"messageKeys":{}},"BaQTJlmSh0kkZE1IRxW6FQ4DQzhswr9Paflq3sLuPq4V":{"chainKey":{"counter":8,"key":"IzmhhzRa3hUjJnQlNeV3S2+y+xM/B3MF4TOiNeENZoc="},"chainType":1,"messageKeys":{}}}}},"version":"v1"}