{"_sessions":{"BZOcbSY2bdSW6lQqqK7KPECWpAUSHgH03hvlqq16jJRS":{"registrationId":264063406,"currentRatchet":{"ephemeralKeyPair":{"pubKey":"BUNLIueDNFQ1LzM5R4ep4Ra1wtT+sh28gghWhgwQuLRs","privKey":"kAxsyHIGuhJJXdVSpYD8piDRooaNrfSHqNaR27RKNnU="},"lastRemoteEphemeralKey":"BdDn7mbbPt7Ci0F8NiguBm6kX0fA3xy7efVRrg5zPg1w","previousCounter":15,"rootKey":"NLQnu3A0enjk6En3Mvq9SQnZMh64/ny04PccMKOoisQ="},"indexInfo":{"baseKey":"BZOcbSY2bdSW6lQqqK7KPECWpAUSHgH03hvlqq16jJRS","baseKeyType":1,"closed":-1,"used":1683075204327,"created":1682943144187,"remoteIdentityKey":"BevHvFToQ65Jp3RNmFYlz5BsLwqXeIjb9CO/QnNJD7Mr"},"_chains":{"BdDn7mbbPt7Ci0F8NiguBm6kX0fA3xy7efVRrg5zPg1w":{"chainKey":{"counter":1,"key":"kAVGw4/nPK1O1IOMdIY/YpKmjbBK1B+QKdB3Wg18ovs="},"chainType":2,"messageKeys":{}},"BUNLIueDNFQ1LzM5R4ep4Ra1wtT+sh28gghWhgwQuLRs":{"chainKey":{"counter":0,"key":"yStA9FzsIR4ltp3C790ko8Bn8ocTeY0judxiirN6bQQ="},"chainType":1,"messageKeys":{}}}}},"version":"v1"}