{"_sessions":{"BZoVlvpvlLfNgTWWiCEKqlVoJfevqzSFclBOYCseeN9V":{"registrationId":219,"currentRatchet":{"ephemeralKeyPair":{"pubKey":"BYbCTtXWnH+T3WGR8ljJlMGXC53uGUyYjiA58h6YOtx8","privKey":"iKrUv/EqhecpT/r7GgiNDHpQsj2pgppnihnUj2S7qGQ="},"lastRemoteEphemeralKey":"BeMdz8gbgOVh7bqjjyAlH3bO5KvD1+lA7iXz3+cDLwoc","previousCounter":0,"rootKey":"xclJkefN1iiUfhzJ4eYxQXnWi9Es//0+t0H+lXvgyqM="},"indexInfo":{"baseKey":"BZoVlvpvlLfNgTWWiCEKqlVoJfevqzSFclBOYCseeN9V","baseKeyType":1,"closed":-1,"used":1683037809630,"created":1682943144035,"remoteIdentityKey":"BdDE0WAazjfQ/nKEMQaIRPV5W98h1JG0T4po/jrJ83B3"},"_chains":{"BfAHGsStoVaN5yscH1zlAsfNqJZ94a/F4kGL0DJDHPMi":{"chainKey":{"counter":0},"chainType":2,"messageKeys":{}},"BVuxfIVZBWoLfVK7Ah8L/3EWwQ4ddXKgRixwcFGI0zU2":{"chainKey":{"counter":7},"chainType":2,"messageKeys":{}},"BXJhuWqTNNXwnY/7WWBnB8bzHfVYmGf0VomBVhrSLhAN":{"chainKey":{"counter":11},"chainType":2,"messageKeys":{"0":"j0bZ9l9jZlp6n0Ilc04jFeGPJ9+bZF+VrrCDkMucmnM=","1":"dUzMXLIUdZDoDlu8yfmqyeU0CLForDYqgxgp9+Gu7R0=","2":"JiQDcQdvqOGrm7hQYPPNdHGUlFjWC8m1+jjlRuJpT6Q=","3":"s9fGrYpsITUr+4f+oiST+ESZq87yIwR/mKyoI5ciYKs=","4":"w0Lbf4faAJU6o5OP+Sl+mJRo37viK4iyw2cezFs9YeM=","5":"r+QM0m1vxClPHEUQGOb4q6OoIw3DwcRcqVq6upfBGsU=","6":"JKf4ZPQM4CLi904R7LQ7iQiz94Owr2yxoowMZhiipHI=","7":"naoPMcmZ7V0RkrUZ4eBCxRGnLppmYRcjyMiNMYGwojw=","8":"g/+s8eu3DWeMzJ5I6evOD/Efn9tSBxsP2Thz5OHIZiM=","9":"dC6cKHTUOypHYrTrJxsS6N7G8fhobBxkfSH2q+deHHA=","10":"zLq6Wkpsm+WjWPMcGp37OCvGAZZG8XnZCO7Nqac1N/A="}},"BeMdz8gbgOVh7bqjjyAlH3bO5KvD1+lA7iXz3+cDLwoc":{"chainKey":{"counter":0,"key":"OcmtPMWwG0GBIryOV5APfYpCG7qvt9P5yFKIG5vgUm4="},"chainType":2,"messageKeys":{}},"BYbCTtXWnH+T3WGR8ljJlMGXC53uGUyYjiA58h6YOtx8":{"chainKey":{"counter":1,"key":"gJEHIQ+gUBW3q+E626ilWyjTWHEmYwbf62ZEdRZyYrI="},"chainType":1,"messageKeys":{}}}}},"version":"v1"}