{"_sessions":{"Bdn9AdiykLoYqLBIJ6tP1tIYjKAHb0tYbnjDV1O0/MkQ":{"registrationId":1344312818,"currentRatchet":{"ephemeralKeyPair":{"pubKey":"BXpM19mdllNDRzv4qV6HWg+NIwyflsPp/ceWq1xgfuAU","privKey":"WIiCw3GkfWUhRz/aiGmYhn99kTyWp9gINGMPycbsFGI="},"lastRemoteEphemeralKey":"BbzvXB3PAFyyJyK0RLDTuyS/m/K5PUkXgc1lJqigZ3x0","previousCounter":0,"rootKey":"5EyrDcr/RwMXubl5GnXm1P82IiaHuKrw5cTG1TMZAiY="},"indexInfo":{"baseKey":"Bdn9AdiykLoYqLBIJ6tP1tIYjKAHb0tYbnjDV1O0/MkQ","baseKeyType":1,"closed":-1,"used":1682943144171,"created":1682943144171,"remoteIdentityKey":"BfiRmrxrVNdKqCJ9CkjKhEIh37H4/Q9lbtmBpc8T67kf"},"_chains":{"BXpM19mdllNDRzv4qV6HWg+NIwyflsPp/ceWq1xgfuAU":{"chainKey":{"counter":16,"key":"q9XlyQfJbv6mzCCJpyvn8BcPeWtmDQc6coo4uzkvw98="},"chainType":1,"messageKeys":{}}},"pendingPreKey":{"signedKeyId":24,"baseKey":"Bdn9AdiykLoYqLBIJ6tP1tIYjKAHb0tYbnjDV1O0/MkQ"}}},"version":"v1"}