{"_sessions":{"BbhF55UZJ/bc6NTIJCvttXvWRjr3MuRVeoRsDu0nNeJD":{"registrationId":434940927,"currentRatchet":{"ephemeralKeyPair":{"pubKey":"BbOMK5SROnE4X386MVLl1Q5+1CAV+riu91npQhYCXj0g","privKey":"SH8KVdxQgWQWcSpxvObSROYeh1Gh2EZ4/Pd9lNcfC2M="},"lastRemoteEphemeralKey":"BVpickJjfZOZ7cT0Ai+g2rCd4/+Y9iBKttXCADEObw5c","previousCounter":0,"rootKey":"yTiUpovNZEg481YFWnZ7Jc4pHbnhTo7G2ROD35TeDhQ="},"indexInfo":{"baseKey":"BbhF55UZJ/bc6NTIJCvttXvWRjr3MuRVeoRsDu0nNeJD","baseKeyType":1,"closed":-1,"used":1683098376792,"created":1683098376792,"remoteIdentityKey":"BXeHFeNREDY15zU8reEasdd/b1UmB+uZUrg8DQdSVd0V"},"_chains":{"BbOMK5SROnE4X386MVLl1Q5+1CAV+riu91npQhYCXj0g":{"chainKey":{"counter":0,"key":"cqAHKaYEnKczP62ogULgsvwRIbr+SOqiMAma0BXuSYI="},"chainType":1,"messageKeys":{}}},"pendingPreKey":{"signedKeyId":5,"baseKey":"BbhF55UZJ/bc6NTIJCvttXvWRjr3MuRVeoRsDu0nNeJD"}}},"version":"v1"}