{"_sessions":{"BTZV2UDhQgl8eDhGbPcHiGYHH5rK1GLf+MU//rFK7G4S":{"registrationId":1177653666,"currentRatchet":{"ephemeralKeyPair":{"pubKey":"BZMRbNeZH2bWdLQSABHu1rvz83vxY5ByD1X1pFYyXJRX","privKey":"GNJjnGt1HYknSccUXW5bBAqI2aEDiVEH5WiWcrNMcV8="},"lastRemoteEphemeralKey":"BbzqRTPeJRq44Zu9ggz4XYmEfbh8kSs9QjCmdYp8eko1","previousCounter":0,"rootKey":"9GZbTB5wBwkLpEDKWb4f3CvxeG317HDP9ZplNZVBRgc="},"indexInfo":{"baseKey":"BTZV2UDhQgl8eDhGbPcHiGYHH5rK1GLf+MU//rFK7G4S","baseKeyType":1,"closed":-1,"used":1683098376817,"created":1683098376817,"remoteIdentityKey":"BfrTFXqcmTfsVOGU3pOZInlhYiO2Sqo7w8piOHBz0Hk0"},"_chains":{"BZMRbNeZH2bWdLQSABHu1rvz83vxY5ByD1X1pFYyXJRX":{"chainKey":{"counter":0,"key":"VULc73PXVFF6ltOv9t5RGTapCeUlw0PAVp84H0qSj34="},"chainType":1,"messageKeys":{}}},"pendingPreKey":{"signedKeyId":0,"baseKey":"BTZV2UDhQgl8eDhGbPcHiGYHH5rK1GLf+MU//rFK7G4S","preKeyId":16146778}}},"version":"v1"}