{"_sessions":{"Bc7XLiJPhl94EGSCWtRyoV3jC/cN3+x0fb0mJNkNPUIQ":{"registrationId":1368377078,"currentRatchet":{"ephemeralKeyPair":{"pubKey":"BXIZK1J4vm2ZbHh/MquXwFCvptRA9YpuHPDYgJjLkMdT","privKey":"qI2QMDgxWfuudyIRvjXTFP2S0RF/hVGISCBgM5pUmGQ="},"lastRemoteEphemeralKey":"Bfi5ZfGl+CfVOdMhJwLHERl238h73gbmV8iKoVfkt/do","previousCounter":0,"rootKey":"MxepxYbtwxM7aedGVbyFSEiaFJ0yGW/TTplWQ7TvelM="},"indexInfo":{"baseKey":"Bc7XLiJPhl94EGSCWtRyoV3jC/cN3+x0fb0mJNkNPUIQ","baseKeyType":1,"closed":-1,"used":1682943144144,"created":1682943144144,"remoteIdentityKey":"BRx69dw4obyM/BPQ7ykVUc0bis8JX9oMlCpCdYMWdDM1"},"_chains":{"BXIZK1J4vm2ZbHh/MquXwFCvptRA9YpuHPDYgJjLkMdT":{"chainKey":{"counter":16,"key":"MNAhl6Ib69nVrHJ/UrYrqFgAgEdMk/FOlheXDFy2hrY="},"chainType":1,"messageKeys":{}}},"pendingPreKey":{"signedKeyId":0,"baseKey":"Bc7XLiJPhl94EGSCWtRyoV3jC/cN3+x0fb0mJNkNPUIQ","preKeyId":8069995}}},"version":"v1"}