{"_sessions":{"BSZEa1qtsaa1YsaeDE4mSW98Sa2Gpd/BDRE5poAAgqoJ":{"registrationId":2012118413,"currentRatchet":{"ephemeralKeyPair":{"pubKey":"BYR50jgmluxW+qcLRv/sewep2q/ht9L9SmlQWOR21Op5","privKey":"CPDeNk+37y1XCsKsZbY02QYtmbwtZENx/iJlHoo1iFo="},"lastRemoteEphemeralKey":"BU4CYWYIO8tlTWbXt/s6BJR34sAzq1SS3NWCVkkJUu5H","previousCounter":0,"rootKey":"kvwUAn/1jRhb2Ud5mq3Oo0WW1cdLBm2+SoXqaKtLNPg="},"indexInfo":{"baseKey":"BSZEa1qtsaa1YsaeDE4mSW98Sa2Gpd/BDRE5poAAgqoJ","baseKeyType":1,"closed":-1,"used":1682943144215,"created":1682943144215,"remoteIdentityKey":"BbYesL7UBgRSa0EXCSeC1z9SllJKd7GvVF6czJ5XttxX"},"_chains":{"BYR50jgmluxW+qcLRv/sewep2q/ht9L9SmlQWOR21Op5":{"chainKey":{"counter":16,"key":"VzuCbPrUT2s4Cy+ZYomFo7rg1FRfJfww6V32Z5bqlus="},"chainType":1,"messageKeys":{}}},"pendingPreKey":{"signedKeyId":1,"baseKey":"BSZEa1qtsaa1YsaeDE4mSW98Sa2Gpd/BDRE5poAAgqoJ","preKeyId":3082906}}},"version":"v1"}