{"_sessions":{"BdgefCJCXYYZj16poqHpnqZ4nO27Z10nOKL8h5ED/FAd":{"registrationId":1151752268,"currentRatchet":{"ephemeralKeyPair":{"pubKey":"BcL/9cuncRxwTxpkpiTZfJ1qgQVxesntunAKbEEg8nAp","privKey":"wGqPftABXYjrOmlg+3Ll+YJdz/KvkoEuDvImv0e1h3M="},"lastRemoteEphemeralKey":"BeWCrHfavrN5rKXEjEER1VU14neqQ0WcqQxhzDLJlmso","previousCounter":5,"rootKey":"u01Z18OOK23JG1kG9TXgDj0EBr/c5Ui0T03RaoAmrC8="},"indexInfo":{"baseKey":"BdgefCJCXYYZj16poqHpnqZ4nO27Z10nOKL8h5ED/FAd","baseKeyType":1,"closed":-1,"used":1682955888692,"created":1682943144147,"remoteIdentityKey":"BbwUK1mL741gTX04Z6zdaCV0mNTHCglEIMmqip7MH+kS"},"_chains":{"BeWCrHfavrN5rKXEjEER1VU14neqQ0WcqQxhzDLJlmso":{"chainKey":{"counter":0,"key":"jagF7ZAk2ZFjU79eDoKjwsXvlxFQ64PeYPcAyvW3pt8="},"chainType":2,"messageKeys":{}},"BcL/9cuncRxwTxpkpiTZfJ1qgQVxesntunAKbEEg8nAp":{"chainKey":{"counter":10,"key":"XQeQn41et0mXSQzdcQ9iNSyB74QlMyVoSkEn/fxnWmc="},"chainType":1,"messageKeys":{}}}}},"version":"v1"}