{"_sessions":{"Bah/l5CPczsDVedqOskDP5msTQHnSimdx/B29eVmCehN":{"registrationId":749346303,"currentRatchet":{"ephemeralKeyPair":{"pubKey":"BauqNUqZEiHH5SY1wj7b24604UROEhox+XdI1k03tVxk","privKey":"GA5ZAUMvdfZW9dV6QlDiwucfNPWX6moPBNi+94vklkY="},"lastRemoteEphemeralKey":"BSxYVV9SqR8yTo02AZ8ZExcZ3BOx8oyRYv44PtzCICVS","previousCounter":0,"rootKey":"BbGctzTlOsiFTpmOfWxcYmnVncjCAdkYAHP959xOSsw="},"indexInfo":{"baseKey":"Bah/l5CPczsDVedqOskDP5msTQHnSimdx/B29eVmCehN","baseKeyType":1,"closed":-1,"used":1683098376813,"created":1683098376813,"remoteIdentityKey":"Bb/FmaXjO6ObAWKVgV/lK9qhBbLfR14Lad/q3BktsfsJ"},"_chains":{"BauqNUqZEiHH5SY1wj7b24604UROEhox+XdI1k03tVxk":{"chainKey":{"counter":0,"key":"zNUjPNoP8gnxRu9YyjCme7jCf8GIYAJ6Xeb3LKCfTAo="},"chainType":1,"messageKeys":{}}},"pendingPreKey":{"signedKeyId":0,"baseKey":"Bah/l5CPczsDVedqOskDP5msTQHnSimdx/B29eVmCehN","preKeyId":8269328}}},"version":"v1"}