{"_sessions":{"BUCI0uqTf38TrYW1C5abMbnLjsuHWLWyR085e83cOjkd":{"registrationId":12448,"currentRatchet":{"ephemeralKeyPair":{"pubKey":"Be2WdARClfXhFuACoA68P2fyf6jBwU8CBivPsuIFcfYB","privKey":"8AlaXlrFJR3yMYVqZ87LkfiYARWcMZoMXQWrbBl8en0="},"lastRemoteEphemeralKey":"BVzTKmRHdEP5hEzkV1gu0rPpJ0Z6Uj/dBaen2Ys77x4z","previousCounter":0,"rootKey":"dBRI5Jn9PVY0xDwXctbRG/IVx3dGFP/zNDL78zK+AJ8="},"indexInfo":{"baseKey":"BUCI0uqTf38TrYW1C5abMbnLjsuHWLWyR085e83cOjkd","baseKeyType":1,"closed":-1,"used":1683098376727,"created":1683098376727,"remoteIdentityKey":"BZoN6oY7LOMVHs73EiABisUIs+xa2wMCWGLL7KhU+U5A"},"_chains":{"Be2WdARClfXhFuACoA68P2fyf6jBwU8CBivPsuIFcfYB":{"chainKey":{"counter":0,"key":"ZPgidpzTtgYbbHVLnPm9eWLHrXZLvPmqun4H2r1aKeg="},"chainType":1,"messageKeys":{}}},"pendingPreKey":{"signedKeyId":1,"baseKey":"BUCI0uqTf38TrYW1C5abMbnLjsuHWLWyR085e83cOjkd"}}},"version":"v1"}