{"_sessions":{"BTcNKfAJdSwDVmdidYOtWCgtuvBPE46xw3Etpddb/Q5+":{"registrationId":2025636401,"currentRatchet":{"ephemeralKeyPair":{"pubKey":"BcI0wY13GSdcON3aQrdxUdjrS/auA/noT0UZjooj27cg","privKey":"SKdAFzUXpkUklc8KcrNOrw0473Tl5JAhTRwV1JxWkUg="},"lastRemoteEphemeralKey":"BZBrUlSMf4sIaWXQgeYncPttUu1eaQSEGIL9UtMBHngA","previousCounter":0,"rootKey":"bJv1dmzGKrlT3hCKNd03vtIbx/n1q26gnq6HM/FSZ/Y="},"indexInfo":{"baseKey":"BTcNKfAJdSwDVmdidYOtWCgtuvBPE46xw3Etpddb/Q5+","baseKeyType":1,"closed":-1,"used":1682943144202,"created":1682943144202,"remoteIdentityKey":"Bb8DragY+pmYJE2mcZ2afN1ZO9luCric2qHJp11Xumwc"},"_chains":{"BcI0wY13GSdcON3aQrdxUdjrS/auA/noT0UZjooj27cg":{"chainKey":{"counter":16,"key":"/4Cokt2GmvLBY9BRGzT6fZIgRnVw2083f9yNDy286Tc="},"chainType":1,"messageKeys":{}}},"pendingPreKey":{"signedKeyId":0,"baseKey":"BTcNKfAJdSwDVmdidYOtWCgtuvBPE46xw3Etpddb/Q5+","preKeyId":16009094}}},"version":"v1"}