{"_sessions":{"BePTYF42HJYaWgvCWXlAX2YVlcoHUZFEjZjpXfXfLikS":{"registrationId":975209387,"currentRatchet":{"ephemeralKeyPair":{"pubKey":"BQbK1HhUA0+/7VeXLEogqdYdb/A3+EL5ZIMlKoF5Zloj","privKey":"iNBbtOZHwgnPUxvj0gPbpZHI4QNov0n21NJJhVPHsUE="},"lastRemoteEphemeralKey":"BfZbMrMV2INZJE4nxUMUAbne3U/3avF0MQaqIgEMSuhn","previousCounter":0,"rootKey":"Ol+olxrr5qRhoG7J8hIqQmf4MlAgYO6DNezyJsjiPiI="},"indexInfo":{"baseKey":"BePTYF42HJYaWgvCWXlAX2YVlcoHUZFEjZjpXfXfLikS","baseKeyType":1,"closed":-1,"used":1682943144157,"created":1682943144157,"remoteIdentityKey":"BeFhRIhvpmhfTRkmPx3kIFmjRE4I/d0T/AZ584IcSXpz"},"_chains":{"BQbK1HhUA0+/7VeXLEogqdYdb/A3+EL5ZIMlKoF5Zloj":{"chainKey":{"counter":16,"key":"M8N81HFG57Xm1hnZ3VH0WjKG7w7G41b5esh1PxNifA0="},"chainType":1,"messageKeys":{}}},"pendingPreKey":{"signedKeyId":3,"baseKey":"BePTYF42HJYaWgvCWXlAX2YVlcoHUZFEjZjpXfXfLikS","preKeyId":9426392}}},"version":"v1"}