{"_sessions":{"BZ94B4gIn1glVivqmMSBHtM5T+pk/4UH2EjzUP3qbDtz":{"registrationId":1947339794,"currentRatchet":{"ephemeralKeyPair":{"pubKey":"BVhjnZDaU7Aebb0XpkbP2A2O+RsTfDfxrtR2X5r0SBUS","privKey":"+CiPAG18aBGw5wYaeRxFGGq/6t9EEciMnyIGu0yTGnI="},"lastRemoteEphemeralKey":"BUl18zAjZLGInVn1/3WsnoZ13xeq74SRg8HRC7ljZ8gq","previousCounter":15,"rootKey":"NAqqCmUvDIMg1bVC7zhQGEdkHIw5Q2wFH3LT1zhJT5c="},"indexInfo":{"baseKey":"BZ94B4gIn1glVivqmMSBHtM5T+pk/4UH2EjzUP3qbDtz","baseKeyType":1,"closed":-1,"used":1683093264527,"created":1682943144191,"remoteIdentityKey":"BYcgUL1+jG2AVgL7Mq/NfZUOor3G3pJJ8ZEe0dWk9Z1D"},"_chains":{"BUl18zAjZLGInVn1/3WsnoZ13xeq74SRg8HRC7ljZ8gq":{"chainKey":{"counter":0,"key":"Cg8u8fyfNoz3NuAUy4/ahTdYkbz2BjCOgi6dkCQbd2w="},"chainType":2,"messageKeys":{}},"BVhjnZDaU7Aebb0XpkbP2A2O+RsTfDfxrtR2X5r0SBUS":{"chainKey":{"counter":0,"key":"8d8VL5tf8abTxRh7MK6idkDrAyQUyFPWPgU4ri+3t40="},"chainType":1,"messageKeys":{}}}}},"version":"v1"}