{"_sessions":{"BWO+1eHrG2KmDLxgyLJcPAcO2igIaNbH6u5UAwBPaR8J":{"registrationId":1374507353,"currentRatchet":{"ephemeralKeyPair":{"pubKey":"BXrjhRjtBwUOL5pbgYFhBpgZR/GjQH41AMW1Auy0UDpM","privKey":"OI6Nik5NQswSvoJqLfQU/0R2Ge2MYJmvXjfQEZzKfW8="},"lastRemoteEphemeralKey":"Bdv/oqR8JC4sA7VQohpStoMhHXWaeYjjsJih+GMgrvIB","previousCounter":0,"rootKey":"IeFaGTNAAun0uljqvZ+mcG3FzPRKVq/26/+vu3NWQlc="},"indexInfo":{"baseKey":"BWO+1eHrG2KmDLxgyLJcPAcO2igIaNbH6u5UAwBPaR8J","baseKeyType":1,"closed":-1,"used":1682943144114,"created":1682943144114,"remoteIdentityKey":"Bduz/l5LS34jFLz/WGAhevvzBOMaLbhUip9mp5uYvHkd"},"_chains":{"BXrjhRjtBwUOL5pbgYFhBpgZR/GjQH41AMW1Auy0UDpM":{"chainKey":{"counter":16,"key":"LGe/DrtjJHyX6pe8LendetQeS41liI1Cc+n8hXIw0m0="},"chainType":1,"messageKeys":{}}},"pendingPreKey":{"signedKeyId":3,"baseKey":"BWO+1eHrG2KmDLxgyLJcPAcO2igIaNbH6u5UAwBPaR8J","preKeyId":4023157}}},"version":"v1"}