{"_sessions":{"BZXNEP946ehHTVko9EFlz3vnHnuNShTo34AeSQcys0kD":{"registrationId":2021229863,"currentRatchet":{"ephemeralKeyPair":{"pubKey":"BbTa2ikVFpE/IqbxoZnCXmGC4eZsRDO8FmVmwcLIkmsc","privKey":"aGOIjUdjrVw/+KDX8Yj7EY5bac3pcfGlZHGqwiLBFUk="},"lastRemoteEphemeralKey":"BV2zfzRlvhWOOrqse/P73RJkL7CdwXE/GfbN7cHXhY5C","previousCounter":0,"rootKey":"eh741rwI/RuEKsxNiPGMWtaD/X0hbdJO8coWxnlzKAo="},"indexInfo":{"baseKey":"BZXNEP946ehHTVko9EFlz3vnHnuNShTo34AeSQcys0kD","baseKeyType":1,"closed":1683067037598,"used":1683031314582,"created":1683031314582,"remoteIdentityKey":"BZFonGl1NyK5mXSymsYb9zXJ/jkRT8JCgUmsmLcmsgd6"},"_chains":{"BbTa2ikVFpE/IqbxoZnCXmGC4eZsRDO8FmVmwcLIkmsc":{"chainKey":{"counter":3,"key":"LK6LI6tQFnc2PDYCC/F6oP0Cyn7Axw1Rnum2somrDwM="},"chainType":1,"messageKeys":{}}},"pendingPreKey":{"signedKeyId":4,"baseKey":"BZXNEP946ehHTVko9EFlz3vnHnuNShTo34AeSQcys0kD","preKeyId":6680472}},"BQBnaucOgJHYXNDsNl2JKPfwKOExdJvLU4L2GsXqDe9J":{"registrationId":2021229863,"currentRatchet":{"ephemeralKeyPair":{"pubKey":"Be4Z37ZiRLl7fr7yjuBEZmnp8QHKpHsjOd5rZcwjdnE3","privKey":"2HYswUzwp92u+ZBCMPKSA4aFEgI+qTdINAizMqY1K0g="},"lastRemoteEphemeralKey":"BV2zfzRlvhWOOrqse/P73RJkL7CdwXE/GfbN7cHXhY5C","previousCounter":0,"rootKey":"jedXujm6vUf2jUpNoNUic1a7dFYMSuWTaaLk4YwqRX4="},"indexInfo":{"baseKey":"BQBnaucOgJHYXNDsNl2JKPfwKOExdJvLU4L2GsXqDe9J","baseKeyType":1,"closed":1683067063923,"used":1683067037591,"created":1683067037591,"remoteIdentityKey":"BZFonGl1NyK5mXSymsYb9zXJ/jkRT8JCgUmsmLcmsgd6"},"_chains":{"Be4Z37ZiRLl7fr7yjuBEZmnp8QHKpHsjOd5rZcwjdnE3":{"chainKey":{"counter":-1,"key":"YKhNv5X/ShduJgnC+x5nXJTcSvY1P3SodQfOl0RrDLo="},"chainType":1,"messageKeys":{}}},"pendingPreKey":{"signedKeyId":4,"baseKey":"BQBnaucOgJHYXNDsNl2JKPfwKOExdJvLU4L2GsXqDe9J","preKeyId":6680392}},"BYserU9w8DBMBtTlj3Kwt5VUXpZcaLAK67zrN0BLcjxv":{"registrationId":2021229863,"currentRatchet":{"ephemeralKeyPair":{"pubKey":"BbqPppman3969Vhg7TWioXFyClseYbfG/rXOCxz/yXc5","privKey":"8FM7EbAKUJ1bWJ4B1nu44rr6VWoH1MF5gQlvPWxaZWQ="},"lastRemoteEphemeralKey":"BV2zfzRlvhWOOrqse/P73RJkL7CdwXE/GfbN7cHXhY5C","previousCounter":0,"rootKey":"BiKUsqHzuCCrkOA8E+23mVIjeZMPT29/2fPhcf3CyME="},"indexInfo":{"baseKey":"BYserU9w8DBMBtTlj3Kwt5VUXpZcaLAK67zrN0BLcjxv","baseKeyType":1,"closed":1683067064832,"used":1683067063920,"created":1683067063920,"remoteIdentityKey":"BZFonGl1NyK5mXSymsYb9zXJ/jkRT8JCgUmsmLcmsgd6"},"_chains":{"BbqPppman3969Vhg7TWioXFyClseYbfG/rXOCxz/yXc5":{"chainKey":{"counter":-1,"key":"ZVHoKYZ8sGhdrKLpk6gr4GOZv8DZYVlxnc3ePiy8rt0="},"chainType":1,"messageKeys":{}}},"pendingPreKey":{"signedKeyId":4,"baseKey":"BYserU9w8DBMBtTlj3Kwt5VUXpZcaLAK67zrN0BLcjxv","preKeyId":6679748}},"BTLBhbFgtbOZdFNvaqyuHSoYnpYSvw4s+9pnUOny8w8w":{"registrationId":2021229863,"currentRatchet":{"ephemeralKeyPair":{"pubKey":"BcYztykT8qY+PZ6HbZjvzvtN+L/hAtcK5sNJ9U1ndw8D","privKey":"gBRqZZ960s84ZOP595j1V3hUW993+tftO80IJoU5VVM="},"lastRemoteEphemeralKey":"BV2zfzRlvhWOOrqse/P73RJkL7CdwXE/GfbN7cHXhY5C","previousCounter":0,"rootKey":"8keJ7kpRE4VXrUcCMSlRHw30xeYwCxz+hpp0wrOrynQ="},"indexInfo":{"baseKey":"BTLBhbFgtbOZdFNvaqyuHSoYnpYSvw4s+9pnUOny8w8w","baseKeyType":1,"closed":1683067066363,"used":1683067064828,"created":1683067064828,"remoteIdentityKey":"BZFonGl1NyK5mXSymsYb9zXJ/jkRT8JCgUmsmLcmsgd6"},"_chains":{"BcYztykT8qY+PZ6HbZjvzvtN+L/hAtcK5sNJ9U1ndw8D":{"chainKey":{"counter":-1,"key":"hB8LIcs9+GSo+xPqNQBc9f4SNWQOgAZbeMSSHmYNcrU="},"chainType":1,"messageKeys":{}}},"pendingPreKey":{"signedKeyId":4,"baseKey":"BTLBhbFgtbOZdFNvaqyuHSoYnpYSvw4s+9pnUOny8w8w","preKeyId":6680398}},"BVOH4igkGPT9EwulroRVqpmQyh6nUIxwqunSmszLUBVz":{"registrationId":2021229863,"currentRatchet":{"ephemeralKeyPair":{"pubKey":"BXnclYt/OWlxcdQPYHCQwc9eKr2zY+sb303mD/KM3bgg","privKey":"8Czi9A2wfSRTNX8ypPTQYppej9EG3cNqnF/gFf/cSX0="},"lastRemoteEphemeralKey":"BV2zfzRlvhWOOrqse/P73RJkL7CdwXE/GfbN7cHXhY5C","previousCounter":0,"rootKey":"OwSUfAdZsb5njEdyY30nsJ63CYyFstwqZ406JUWjXv0="},"indexInfo":{"baseKey":"BVOH4igkGPT9EwulroRVqpmQyh6nUIxwqunSmszLUBVz","baseKeyType":1,"closed":-1,"used":1683067066359,"created":1683067066359,"remoteIdentityKey":"BZFonGl1NyK5mXSymsYb9zXJ/jkRT8JCgUmsmLcmsgd6"},"_chains":{"BXnclYt/OWlxcdQPYHCQwc9eKr2zY+sb303mD/KM3bgg":{"chainKey":{"counter":0,"key":"TJ3WY0iwtMfemCpnnBKBOsbCK0E5HAFv+hW2IfhUJLA="},"chainType":1,"messageKeys":{}}},"pendingPreKey":{"signedKeyId":4,"baseKey":"BVOH4igkGPT9EwulroRVqpmQyh6nUIxwqunSmszLUBVz","preKeyId":6679927}}},"version":"v1"}