{"_sessions":{"BS/etIZQTOVm3aGpMTm2fW7FPWL0kNcMVJL5PEzl54Ro":{"registrationId":1942314747,"currentRatchet":{"ephemeralKeyPair":{"pubKey":"BXQbDzRaozLQXARbyHq+xbG/bP9DPP/ZJcXlyYCGlaFG","privKey":"6N97WL60IllXOxwjm2c+H/H5NM2lvk2Un8yp4Tey3kA="},"lastRemoteEphemeralKey":"BeqBL19R6Y3infaQSnR1p11A6buUp6jolj/BshaePM8l","previousCounter":0,"rootKey":"2fbadCi1D0Nu/YklpegndEFZ2OtDRgi9eDH3UeU/Oqk="},"indexInfo":{"baseKey":"BS/etIZQTOVm3aGpMTm2fW7FPWL0kNcMVJL5PEzl54Ro","baseKeyType":1,"closed":-1,"used":1683098376738,"created":1683098376738,"remoteIdentityKey":"BSTMy11icAQ4MX9Z2vq/oWS030AB04LqgGnOYW0m2xAO"},"_chains":{"BXQbDzRaozLQXARbyHq+xbG/bP9DPP/ZJcXlyYCGlaFG":{"chainKey":{"counter":0,"key":"cOsldHoXVYtY266UmEL3a7v8iilNmmFxi4eLmb7qpCA="},"chainType":1,"messageKeys":{}}},"pendingPreKey":{"signedKeyId":0,"baseKey":"BS/etIZQTOVm3aGpMTm2fW7FPWL0kNcMVJL5PEzl54Ro","preKeyId":6566256}}},"version":"v1"}