{"_sessions":{"BbH5boc3UxvBssbVk0oB4Zcsqm/VlysdjfT4rCXPygoV":{"registrationId":1386127969,"currentRatchet":{"ephemeralKeyPair":{"pubKey":"BZyTmxQKXcPywP7WYjq8qlq6M4R8ZnuqB99qNqZQ0Cwr","privKey":"WH+nNumXSbysRC+77eFpBcx8f/2GpkfWlLayuC6f+0A="},"lastRemoteEphemeralKey":"BZrNyVNPwZnYMu7qx6e6pODYcAqVbz3tZJgcLFNGn7sG","previousCounter":0,"rootKey":"st9a+DSiVY4SgaY8w888jOPls3PAnsbyWWEXjYG+OYw="},"indexInfo":{"baseKey":"BbH5boc3UxvBssbVk0oB4Zcsqm/VlysdjfT4rCXPygoV","baseKeyType":1,"closed":-1,"used":1682943144201,"created":1682943144201,"remoteIdentityKey":"BdIG8e9Kw6rILqwt1+pDtEDg57tCCRnYqSJude7vO8Uk"},"_chains":{"BZyTmxQKXcPywP7WYjq8qlq6M4R8ZnuqB99qNqZQ0Cwr":{"chainKey":{"counter":16,"key":"gUlzyIP7fxizENPwRLm0NBtigge55O9JrQi+IN7D+SU="},"chainType":1,"messageKeys":{}}},"pendingPreKey":{"signedKeyId":0,"baseKey":"BbH5boc3UxvBssbVk0oB4Zcsqm/VlysdjfT4rCXPygoV"}}},"version":"v1"}