{"_sessions":{"BTts901BokbMZI1h9FA9x0qrQG/tuPf/gNcGUmzFDMgZ":{"registrationId":1236585321,"currentRatchet":{"ephemeralKeyPair":{"pubKey":"Be//51U+HlUYKt4qsURj2VUz54U0Cci4Xab8G2ZMbxcw","privKey":"CPtiocnFrvU08Gb7L8cyMPdWYBprJnRjFGvRF/aG9WE="},"lastRemoteEphemeralKey":"BUDC4cVrH4AtRJt1JAi32bUOMCxpiJY06hLKSezElH04","previousCounter":0,"rootKey":"F8uDPc99D9rmXz5FzFcbNi9LqHD3ncfJlUdXHz2ki28="},"indexInfo":{"baseKey":"BTts901BokbMZI1h9FA9x0qrQG/tuPf/gNcGUmzFDMgZ","baseKeyType":1,"closed":-1,"used":1682943144055,"created":1682943144055,"remoteIdentityKey":"BaGpJNGJ1KtYiEsXNP+C7IwyH7HdRKljB6PbBu/08tNS"},"_chains":{"Be//51U+HlUYKt4qsURj2VUz54U0Cci4Xab8G2ZMbxcw":{"chainKey":{"counter":16,"key":"PnjpjdklTTB7HiIdj8Ii5O8IXyc0YBLYyuW73uf2gy8="},"chainType":1,"messageKeys":{}}},"pendingPreKey":{"signedKeyId":14,"baseKey":"BTts901BokbMZI1h9FA9x0qrQG/tuPf/gNcGUmzFDMgZ","preKeyId":13117392}}},"version":"v1"}