{"_sessions":{"BbkRhhPgZeaatT7XpW1whedoOR4imXphKtb5Sysrwlt+":{"registrationId":504125047,"currentRatchet":{"ephemeralKeyPair":{"pubKey":"BRNxE3Eu6llTGLZcbabZbTe4x8OFbnh3y94NtBtYuIph","privKey":"iB/PN++DugmPRa+h5EnO9DoCbfu6SbwSFAXNrsWQJmQ="},"lastRemoteEphemeralKey":"BYoZmdpZMlCYf+dg4U6sT9ayhLdTSLB4tQR/0geRxlMI","previousCounter":0,"rootKey":"ek5kFMwi24gsza6SW38UidaUs8acp1q5uHqlTfFWaEw="},"indexInfo":{"baseKey":"BbkRhhPgZeaatT7XpW1whedoOR4imXphKtb5Sysrwlt+","baseKeyType":1,"closed":-1,"used":1683098376873,"created":1683098376873,"remoteIdentityKey":"BfxmTpwSG81QQJ6raTnxCmQQwgytjs4F50F4EjbGaToA"},"_chains":{"BRNxE3Eu6llTGLZcbabZbTe4x8OFbnh3y94NtBtYuIph":{"chainKey":{"counter":0,"key":"RuUUKZCwW2qDQ3GZ1PjEC+IjSUX3y78JFjqw1f4EHG8="},"chainType":1,"messageKeys":{}}},"pendingPreKey":{"signedKeyId":12,"baseKey":"BbkRhhPgZeaatT7XpW1whedoOR4imXphKtb5Sysrwlt+","preKeyId":14522179}}},"version":"v1"}