{"_sessions":{"BUR8Ept+eBoMhHvvk8t14pepzKCv1a6IBh9WXVa9Ra8F":{"registrationId":271456740,"currentRatchet":{"ephemeralKeyPair":{"pubKey":"BcjFJi3gklxUsC5nKEgLg32ZzUeYgpOxvXNpC+i69F98","privKey":"UMk+RVbK3hn6GVKlhYCrPEgKtZFIkZLBal+OEz98+Vw="},"lastRemoteEphemeralKey":"BYpJtb+B4Xa3kEvdGWIF0vU1XOyjpFb2jPYD5W+mY45x","previousCounter":0,"rootKey":"YO5hL9KSNXnWWd8uEbg+emBS8QFhM87nn/yK43pgVi0="},"indexInfo":{"baseKey":"BUR8Ept+eBoMhHvvk8t14pepzKCv1a6IBh9WXVa9Ra8F","baseKeyType":1,"closed":-1,"used":1683098376853,"created":1683098376853,"remoteIdentityKey":"BVvaigmFHvGqfuEbppCfxor+MZ7EGM2BKGbRgupB7kNV"},"_chains":{"BcjFJi3gklxUsC5nKEgLg32ZzUeYgpOxvXNpC+i69F98":{"chainKey":{"counter":0,"key":"S5LMbTMt76ftnAZhMx0CnlHqzCL3YMvgVTLCHNrkzgc="},"chainType":1,"messageKeys":{}}},"pendingPreKey":{"signedKeyId":14,"baseKey":"BUR8Ept+eBoMhHvvk8t14pepzKCv1a6IBh9WXVa9Ra8F","preKeyId":9884103}}},"version":"v1"}