{"_sessions":{"BQ9izRlSdynkpQfcZRRuA5vVkAJAb6gCWnHx2myZL5Zu":{"registrationId":1012370579,"currentRatchet":{"ephemeralKeyPair":{"pubKey":"BbD6+/XWLyajRb/1BMjQ0sscbEDnbOhWPB2xdbu1vztf","privKey":"0DnV6lFkmb11xcaWPOUmi0l6I1vicPtJ5CcZ5IwYNF8="},"lastRemoteEphemeralKey":"BV+bv5liZF3ma4s7nH2Kxwv3gAz7TxEm3Cg2qCuV8bU1","previousCounter":0,"rootKey":"0MSuL7r2ues5Iec7KV1FXDr5Fnv9rPln4zgPrX1D3Mc="},"indexInfo":{"baseKey":"BQ9izRlSdynkpQfcZRRuA5vVkAJAb6gCWnHx2myZL5Zu","baseKeyType":1,"closed":-1,"used":1682943144200,"created":1682943144200,"remoteIdentityKey":"BaRCDDODBx9rEwFtC3sp7kPKue6o6eJat/9YxOVZXLxf"},"_chains":{"BbD6+/XWLyajRb/1BMjQ0sscbEDnbOhWPB2xdbu1vztf":{"chainKey":{"counter":16,"key":"wP+SVA5+E+VKjivlAEA2QDdiM7qY0TuaM6HxskyaYp8="},"chainType":1,"messageKeys":{}}},"pendingPreKey":{"signedKeyId":5,"baseKey":"BQ9izRlSdynkpQfcZRRuA5vVkAJAb6gCWnHx2myZL5Zu","preKeyId":2985862}}},"version":"v1"}