{"_sessions":{"BU9tU+x1OFo5JyMzrarC9tAFgQgZSQuK1cEcYLfZqWVD":{"registrationId":1413780682,"currentRatchet":{"ephemeralKeyPair":{"pubKey":"BQD73AT/uuVIoyObZ5qrDKzixo7cB2MwPAE+Zw8RM893","privKey":"cBV/TMfUCZsrT0rrVhQYpXWaJLeywJ7vTerezHYfq0c="},"lastRemoteEphemeralKey":"Be+MBv1+Jnt70tSMJ5OMcGruTvIDF+2e0mWPxspBu/Bq","previousCounter":1,"rootKey":"pidjROFblB+l/WPn5whFHFg/IFLpc5SeMD4y+Z7tur4="},"indexInfo":{"baseKey":"BU9tU+x1OFo5JyMzrarC9tAFgQgZSQuK1cEcYLfZqWVD","baseKeyType":1,"closed":-1,"used":1683084127744,"created":1683037767881,"remoteIdentityKey":"BVDHRZAhQcm15o6ZFrVL4yUcKi/kbMu2AGSf0qPHEY8C"},"_chains":{"Be+MBv1+Jnt70tSMJ5OMcGruTvIDF+2e0mWPxspBu/Bq":{"chainKey":{"counter":0,"key":"r3GxWk9RpcAfo6X+mw/2KHQfnyRIGPql0qF/Dn0zf9A="},"chainType":2,"messageKeys":{}},"BQD73AT/uuVIoyObZ5qrDKzixo7cB2MwPAE+Zw8RM893":{"chainKey":{"counter":0,"key":"A0EPB/FJTK1GFe78mq60pT5nIeWmuE3aCZQRHqMiHqY="},"chainType":1,"messageKeys":{}}}}},"version":"v1"}