{"_sessions":{"BapoBIvf7H3eOoY/EgD+wRs1N+P2Y8683fGH2TApGfxd":{"registrationId":153,"currentRatchet":{"ephemeralKeyPair":{"pubKey":"BfRc+jO4TUTTUgIuWBP2ykxFxFOa8rFgAJ8oJG/X9Wp9","privKey":"cJr2OQwXlpqAUnsIwy+9cMHovuOiOxtBbGCRxsbQCkQ="},"lastRemoteEphemeralKey":"BVrObesIHdwyft7L8piBR8XXcZsmF63eOdWzknd1XhMA","previousCounter":0,"rootKey":"csLn8FQCdUExgE+wI/oGESoEMAPN5kpHwrYnel/4SSs="},"indexInfo":{"baseKey":"BapoBIvf7H3eOoY/EgD+wRs1N+P2Y8683fGH2TApGfxd","baseKeyType":1,"closed":-1,"used":1682943144040,"created":1682943144040,"remoteIdentityKey":"BeChbYoSLZV3erJUaJ9zTSeqEtPEf/JAiV11Njcb1TI7"},"_chains":{"BfRc+jO4TUTTUgIuWBP2ykxFxFOa8rFgAJ8oJG/X9Wp9":{"chainKey":{"counter":16,"key":"7tWQNhvcyjjBSh+iwZN/R+BdwQv7kHw8OeUrlzRyNPI="},"chainType":1,"messageKeys":{}}},"pendingPreKey":{"signedKeyId":1,"baseKey":"BapoBIvf7H3eOoY/EgD+wRs1N+P2Y8683fGH2TApGfxd"}}},"version":"v1"}