{"_sessions":{"BbeunUiL76Gjyl4UP+iCAxbFy+2pEHf0+T7TdVYSm7pM":{"registrationId":2081003575,"currentRatchet":{"ephemeralKeyPair":{"pubKey":"BdEg9iOVeu20c1hatCJb/04lCgANer8ICJ92P4uGZOpK","privKey":"yHB/GiZYn0aYV9RXsDDIzGiybAKw4uVnZ12y/Q8SYlE="},"lastRemoteEphemeralKey":"BWInFe6r0wgNITO8ZKUs/tP8JRYpwtNuCLGxKTyFLS4Z","previousCounter":0,"rootKey":"hcMFHyQAlhSr2k3Eul4whKn7SPm0blMCmZOWCqtrDEk="},"indexInfo":{"baseKey":"BbeunUiL76Gjyl4UP+iCAxbFy+2pEHf0+T7TdVYSm7pM","baseKeyType":1,"closed":-1,"used":1682943144196,"created":1682943144196,"remoteIdentityKey":"BS+k7HyLdRc78W0EOTlXRec8ACGKJ/+NGtYVrdYFBlp1"},"_chains":{"BdEg9iOVeu20c1hatCJb/04lCgANer8ICJ92P4uGZOpK":{"chainKey":{"counter":16,"key":"Q8RC2PT59nuqO6dNHVLY3da/+mK4Jil3BzJjcbOipM4="},"chainType":1,"messageKeys":{}}},"pendingPreKey":{"signedKeyId":0,"baseKey":"BbeunUiL76Gjyl4UP+iCAxbFy+2pEHf0+T7TdVYSm7pM"}}},"version":"v1"}