{"_sessions":{"BT4NQtZ9AoyDx+631+NqC9T1Xo9ahKDFwGF0NOe53mJ6":{"registrationId":1262628368,"currentRatchet":{"ephemeralKeyPair":{"pubKey":"BQBoLM+bKTAi1giEJBdNc6/iGzwyLMQmQo4XY9HxmKQ4","privKey":"mMv8YQLlGdLGTcCJPqrOp4rox9Ci+f71529j9gS8vkY="},"lastRemoteEphemeralKey":"BT34es+RY5q3ZDByLE5OIGt3RgLSOYsPEKXIlyW8kndk","previousCounter":0,"rootKey":"z+MRHiyZ8mv8mB6qp0LQvCPybgZ2lzOXNsbt3ZnG5Hc="},"indexInfo":{"baseKey":"BT4NQtZ9AoyDx+631+NqC9T1Xo9ahKDFwGF0NOe53mJ6","baseKeyType":1,"closed":-1,"used":1683098376904,"created":1683098376904,"remoteIdentityKey":"BbgD85lq3AEXQqfOGRuzNpRX65e9Q6MQ//+KTjIeH5po"},"_chains":{"BQBoLM+bKTAi1giEJBdNc6/iGzwyLMQmQo4XY9HxmKQ4":{"chainKey":{"counter":0,"key":"UZ45kOZtOcjoEubtg/x0fpj98h7BPtc+U4WTb/QVTsk="},"chainType":1,"messageKeys":{}}},"pendingPreKey":{"signedKeyId":27,"baseKey":"BT4NQtZ9AoyDx+631+NqC9T1Xo9ahKDFwGF0NOe53mJ6","preKeyId":16499352}}},"version":"v1"}