{"_sessions":{"Bc0DYLqJ/PHQEtvO0tLzht34cP5D9Ob+6Y+dX1w66LFh":{"registrationId":1624586651,"currentRatchet":{"ephemeralKeyPair":{"pubKey":"Bd5qQjI3XahsURyTUixM93ibzlpyfI2PYacVh7ec6+o0","privKey":"oOyHaLYWkY96d2vRC5JAlTOBugySryvwgewCmDSlrkw="},"lastRemoteEphemeralKey":"BWVlQhPXKbvtGeaTXyqc1SeOC8Rr70OBfY+0gGfU8cJ/","previousCounter":0,"rootKey":"bITqdIpxWnvYhH53fVKnRd1QWgD1ZBMizh+K/K7VDQM="},"indexInfo":{"baseKey":"Bc0DYLqJ/PHQEtvO0tLzht34cP5D9Ob+6Y+dX1w66LFh","baseKeyType":1,"closed":-1,"used":1683098376838,"created":1683098376838,"remoteIdentityKey":"BVPUI6IxGn2ueRZnY1FMzFapoTNXsFxqs6vNPbCvhaoU"},"_chains":{"Bd5qQjI3XahsURyTUixM93ibzlpyfI2PYacVh7ec6+o0":{"chainKey":{"counter":0,"key":"aaIjrzW+DhPQHycOCoJ46yXSA86Ykjy+NKWTXUk+Or0="},"chainType":1,"messageKeys":{}}},"pendingPreKey":{"signedKeyId":10,"baseKey":"Bc0DYLqJ/PHQEtvO0tLzht34cP5D9Ob+6Y+dX1w66LFh","preKeyId":3916640}}},"version":"v1"}