{"_sessions":{"BaHBl6KJv598fvgpYjEtQjxyGDtNXkbRtfHuqCmk6cJ7":{"registrationId":716229947,"currentRatchet":{"ephemeralKeyPair":{"pubKey":"BRcgCDbvQRfkXbbt+df1+ij8r04FjsgBWJ3nP7tDAYVy","privKey":"KGa8svsMqTQaHpJ5Q341uqzHZgc471nGGWVJxhDigGM="},"lastRemoteEphemeralKey":"BYkuE1tGCqv3ugsQvcxyIF/vrlGEYDCwcPWHmeBt97Vi","previousCounter":0,"rootKey":"eCVKINe8WTIdh/WHuMsr7a4USyCLntHzEaFPIbfW+3A="},"indexInfo":{"baseKey":"BaHBl6KJv598fvgpYjEtQjxyGDtNXkbRtfHuqCmk6cJ7","baseKeyType":1,"closed":-1,"used":1683098376776,"created":1683098376776,"remoteIdentityKey":"Bam/qGA2Us41BaTFI8HXjR9SqBNpOHmGiGdqbRBuyio3"},"_chains":{"BRcgCDbvQRfkXbbt+df1+ij8r04FjsgBWJ3nP7tDAYVy":{"chainKey":{"counter":0,"key":"iuWBgDCoV/vIdhWX8mjv7r3/WWw4gd3VSZd0ftXtJKk="},"chainType":1,"messageKeys":{}}},"pendingPreKey":{"signedKeyId":7,"baseKey":"BaHBl6KJv598fvgpYjEtQjxyGDtNXkbRtfHuqCmk6cJ7","preKeyId":13896289}}},"version":"v1"}