{"_sessions":{"Bees/vPCJVa6L5J3RwHFC2iM7JIRaYjEGUEZB3Q2/iZU":{"registrationId":358424076,"currentRatchet":{"ephemeralKeyPair":{"pubKey":"BZdq+ovbkF0K19PBXuaLqLZkOq2toSOt/wAmr/rAKVNz","privKey":"2G5Jiz9T5iwq3LjZvsqqbEvUt+SddJ/3gKb0iTw9hE0="},"lastRemoteEphemeralKey":"Bb31d/BXK8+YCAh+LDEVJdYxST5hZA4xH9AyWMni1XJe","previousCounter":0,"rootKey":"o3AhHPOxdThMj/yAJtw2zkyxfdWdiSzCXP0Zf4PgRoE="},"indexInfo":{"baseKey":"Bees/vPCJVa6L5J3RwHFC2iM7JIRaYjEGUEZB3Q2/iZU","baseKeyType":1,"closed":-1,"used":1682943144174,"created":1682943144174,"remoteIdentityKey":"BXMFRolaYQl2AIn9SISmf7T6/TmBpsZH9j93twRZLcsu"},"_chains":{"BZdq+ovbkF0K19PBXuaLqLZkOq2toSOt/wAmr/rAKVNz":{"chainKey":{"counter":16,"key":"TTj45UkPq+c/zr8edECknqAeL20684dRWS9NlbJNmO8="},"chainType":1,"messageKeys":{}}},"pendingPreKey":{"signedKeyId":19,"baseKey":"Bees/vPCJVa6L5J3RwHFC2iM7JIRaYjEGUEZB3Q2/iZU","preKeyId":6819087}}},"version":"v1"}