{"_sessions":{"BS5vjWC3BpXKOjU1FOhXbk1+uFgHLVOswVS66Rw08iA4":{"registrationId":1407542680,"currentRatchet":{"ephemeralKeyPair":{"pubKey":"BdFrroucsdFMeRrC8WkUWLT7WRwgnP1SCJPKeobfSDw1","privKey":"wIq+sJOGi9FbY72J9I2ewtRiRf1EXn6CYVGrRpXnF0Q="},"lastRemoteEphemeralKey":"BZm8iHp2vtFXweApVjc+CsCOVeP06gmfI1n8+tgsIvRH","previousCounter":6,"rootKey":"iaGUMB/ZhYfcvb/uyB6kyH7PBlss8WbTLNCxHXP4VXk="},"indexInfo":{"baseKey":"BS5vjWC3BpXKOjU1FOhXbk1+uFgHLVOswVS66Rw08iA4","baseKeyType":1,"closed":-1,"used":1683041918683,"created":1682943144228,"remoteIdentityKey":"BU494iGQXp1T4sFaTbPYzpnyrAQYpN+nAqSrC+AEXfpz"},"_chains":{"BZ7JBFFZtAMVqmYJ5rAJSNkPBxO3zIYDzArHPojxLzMv":{"chainKey":{"counter":0},"chainType":2,"messageKeys":{}},"BZm8iHp2vtFXweApVjc+CsCOVeP06gmfI1n8+tgsIvRH":{"chainKey":{"counter":1,"key":"eAUPujHVi5m+w+HiqCXHN4kA9W2HEPFVoejtZY1B2O0="},"chainType":2,"messageKeys":{"0":"mBmNq+7TMxDNIqjqt6W0hsgC88rWeSDM1If9Bc/PXa4="}},"BdFrroucsdFMeRrC8WkUWLT7WRwgnP1SCJPKeobfSDw1":{"chainKey":{"counter":1,"key":"FF9PX2c59aVvQVxGqfLc7HzobNKz9s4XND06KE9cGJg="},"chainType":1,"messageKeys":{}}}}},"version":"v1"}