{"_sessions":{"BVLG9hbNS/H1t/mshHTLysOrIHdEB6DsMRdUFKq96cgE":{"registrationId":181508117,"currentRatchet":{"ephemeralKeyPair":{"pubKey":"BWc/J1nwM2KxEOmBsjVYuLQ2I2nH1HLBMOmAGgcujd4V","privKey":"QNX0Voo5P3ePmJca46DzXG+cPiNo9yE0Ty0kreBR70Q="},"lastRemoteEphemeralKey":"BbkTq+qvB9rkd0cgU/g+iNWeFYNYyKlQeaI3ptfANPcZ","previousCounter":0,"rootKey":"viOiwdo8Orp4mKYIZmBhJumD7bVKBx3tAbdfskQpslU="},"indexInfo":{"baseKey":"BVLG9hbNS/H1t/mshHTLysOrIHdEB6DsMRdUFKq96cgE","baseKeyType":1,"closed":-1,"used":1682943144105,"created":1682943144105,"remoteIdentityKey":"BfSLnsPZwKq+faQJncRtGLwnoISJx67k8zKFlLdaKvc0"},"_chains":{"BWc/J1nwM2KxEOmBsjVYuLQ2I2nH1HLBMOmAGgcujd4V":{"chainKey":{"counter":16,"key":"Xfeo9DnoK+9g36qQiQ+5ztoLEjbNKgJScm2VXGACXOI="},"chainType":1,"messageKeys":{}}},"pendingPreKey":{"signedKeyId":1,"baseKey":"BVLG9hbNS/H1t/mshHTLysOrIHdEB6DsMRdUFKq96cgE","preKeyId":8799077}}},"version":"v1"}