{"_sessions":{"BfWDQF5omdJI6f2wHhprDbO9jQYQiKjqQb2stm6V47pm":{"registrationId":6472,"currentRatchet":{"ephemeralKeyPair":{"pubKey":"BdSU1RT0uPsgVi9AboLKvinaVyV/zea0LbtFU/UKy1oX","privKey":"gOWl6ZPweYf8HEHIbTjUYg0YdDV8vXpkwTQuTLr+wkw="},"lastRemoteEphemeralKey":"BQ+KEoS8I/dwEuIgRUjDwUOI+sr3bGGcxJgx3QCAev4j","previousCounter":0,"rootKey":"8y/BQkER3tLWdL0IWXxakvbNyzpKoyOnWEcb1kk72s8="},"indexInfo":{"baseKey":"BfWDQF5omdJI6f2wHhprDbO9jQYQiKjqQb2stm6V47pm","baseKeyType":1,"closed":-1,"used":1683080519592,"created":1683080519592,"remoteIdentityKey":"Bb75D2NgDeeSVOAIYdHYOOz35ErxhSWhkQEXzM8Y9GkK"},"_chains":{"BdSU1RT0uPsgVi9AboLKvinaVyV/zea0LbtFU/UKy1oX":{"chainKey":{"counter":1,"key":"ALUQHoELXFYeNeKPs7qBA1LqtGuTtsAbrliuPsOxlS4="},"chainType":1,"messageKeys":{}}},"pendingPreKey":{"signedKeyId":1,"baseKey":"BfWDQF5omdJI6f2wHhprDbO9jQYQiKjqQb2stm6V47pm","preKeyId":37}}},"version":"v1"}