{"_sessions":{"BdfIpngIrLcGUeQw68lVJ7xJNIfjVcjODAVUcT3wg5dR":{"registrationId":1164021046,"currentRatchet":{"ephemeralKeyPair":{"pubKey":"BQTHbGV6erytBoUPG2i75ODHy7voP4o7kgm1pxmmUMEU","privKey":"AL3wC++Orlld8FRuHxuatNZMIyzpjiGrqE4JEYZVJX4="},"lastRemoteEphemeralKey":"BfBwh4K9SBcl0bOGgav+oQ22pFg9n6UZfOVyu0yXPjd/","previousCounter":15,"rootKey":"E6lxyfyyHpAmosUgCPtbO4FkLWi0VlXZsyFGP3XVyPs="},"indexInfo":{"baseKey":"BdfIpngIrLcGUeQw68lVJ7xJNIfjVcjODAVUcT3wg5dR","baseKeyType":1,"closed":-1,"used":1683089877807,"created":1682943144095,"remoteIdentityKey":"BfB60ESBdPbKbKuOWHK3RDreL+CQzji3/FJP76NoXXUD"},"_chains":{"BfBwh4K9SBcl0bOGgav+oQ22pFg9n6UZfOVyu0yXPjd/":{"chainKey":{"counter":3,"key":"bXETZTyaHQ+LBcL87/vEwV4+S5USYgCnKZpLA7egpr0="},"chainType":2,"messageKeys":{"0":"0+RLFHly76rLs4J5avMmbmo761Ur/QBZB9nrMzb31G4=","1":"C7cnOEinxkpr8wzPwzwK3FnFHCYocoZI5OQK1jb7+KY=","2":"CenHu1fBfSZAZ2Y2pWuoCDVTsrVRz9BKcgpw6lutFrU="}},"BQTHbGV6erytBoUPG2i75ODHy7voP4o7kgm1pxmmUMEU":{"chainKey":{"counter":0,"key":"Kh+FlB2kL3+56z9p+/7wQOU2MZV0Cpy194t+c+r8JU0="},"chainType":1,"messageKeys":{}}}}},"version":"v1"}