{"_sessions":{"BTiKT3nES6jssfLikKRTG1VjL3nJjOB8nn27LV4g+b8F":{"registrationId":984731324,"currentRatchet":{"ephemeralKeyPair":{"pubKey":"BTNvVKKVKsIbDg9rUP/qNc0XXC2yNsLmSj1tYhpnI5gl","privKey":"uB107kexBZ+zpC7MwLif2nqCgyZ6CJ9gOFq4QP8VRkA="},"lastRemoteEphemeralKey":"BTwylIAdx32BKZsld49iV+QtF99QzUcdgWnCZl2dwm5d","previousCounter":0,"rootKey":"LyxaN7mti/8nVahpIoNXbpfNRdGnFmhv37MbxvapCBQ="},"indexInfo":{"baseKey":"BTiKT3nES6jssfLikKRTG1VjL3nJjOB8nn27LV4g+b8F","baseKeyType":1,"closed":-1,"used":1683098376840,"created":1683098376840,"remoteIdentityKey":"BdKOa7S/R6OBBW1QEouBhadKil6JmlRqy1XjTxCp2Ck5"},"_chains":{"BTNvVKKVKsIbDg9rUP/qNc0XXC2yNsLmSj1tYhpnI5gl":{"chainKey":{"counter":0,"key":"NQNKJF3BQY33So8PoeDkYcTvKt09kfyQfr1aGqSevmk="},"chainType":1,"messageKeys":{}}},"pendingPreKey":{"signedKeyId":7,"baseKey":"BTiKT3nES6jssfLikKRTG1VjL3nJjOB8nn27LV4g+b8F","preKeyId":14269301}}},"version":"v1"}