{"_sessions":{"BaAu8l5f9O6xEzijghoOjfrR0DfDuFB72Ias6w+Mt+tx":{"registrationId":978588887,"currentRatchet":{"ephemeralKeyPair":{"pubKey":"BXoUGoRiqunCbp643JCz6XdecB7UA8c9x2OCCxiZ+LAg","privKey":"iJcluAGt1BS0b+ez0whcd6kLhtTUL+zle7wNIPHLwXA="},"lastRemoteEphemeralKey":"BSQL9HlTElHaoc1BWvVtXydhIG/KF/hMzEkvU0c+QqVz","previousCounter":0,"rootKey":"MVPrtCm+Hi0OoePU5l8qTYE93MQFVyjo60Nw75Z4lLo="},"indexInfo":{"baseKey":"BaAu8l5f9O6xEzijghoOjfrR0DfDuFB72Ias6w+Mt+tx","baseKeyType":1,"closed":-1,"used":1682943144076,"created":1682943144076,"remoteIdentityKey":"BTX1Lx8w1G0zJs+CUrcUV0ncHBaDu5qJFGheBqXc2CJ+"},"_chains":{"BXoUGoRiqunCbp643JCz6XdecB7UA8c9x2OCCxiZ+LAg":{"chainKey":{"counter":16,"key":"p3G8yZRQdENWxv8MNqE7HdEI+WIJIeearWCevup9vaU="},"chainType":1,"messageKeys":{}}},"pendingPreKey":{"signedKeyId":2,"baseKey":"BaAu8l5f9O6xEzijghoOjfrR0DfDuFB72Ias6w+Mt+tx","preKeyId":5838023}}},"version":"v1"}