{"_sessions":{"BTfFUgWnjSBIFi9lhJsRoMO6vtPCE/O0pw0CNsCKkTZp":{"registrationId":301640968,"currentRatchet":{"ephemeralKeyPair":{"pubKey":"BToIeJWBAnK9XOsGqmLkXeNQNlvxHgBZB5L4lPwKuU0W","privKey":"+BYeI3qL3GRMUw5862KoKd4QICManC39CoYsDGYYkW4="},"lastRemoteEphemeralKey":"BfSf5FqBZFk5Wr5kyY7tbGw0Cjxq+k7qgVd9LT0Fnb14","previousCounter":0,"rootKey":"L3/sv9BmKD+LQBiIJHswlMFnXNeFlHmMLVKo1fJGjg0="},"indexInfo":{"baseKey":"BTfFUgWnjSBIFi9lhJsRoMO6vtPCE/O0pw0CNsCKkTZp","baseKeyType":1,"closed":-1,"used":1683098376795,"created":1683098376795,"remoteIdentityKey":"BUXsVIf8iws1MuZ/Kb2xjqiTaBvZ+/Oh8gFyTPOiEJ8S"},"_chains":{"BToIeJWBAnK9XOsGqmLkXeNQNlvxHgBZB5L4lPwKuU0W":{"chainKey":{"counter":0,"key":"aVV1nunvrB5Dp3mDU1ogaF1KTSqEz3mReivIUfkdtWQ="},"chainType":1,"messageKeys":{}}},"pendingPreKey":{"signedKeyId":11,"baseKey":"BTfFUgWnjSBIFi9lhJsRoMO6vtPCE/O0pw0CNsCKkTZp","preKeyId":16072032}}},"version":"v1"}