{"_sessions":{"BR9nHqIdW/0m12af2qlgI/c9SZEeI3sXrTcrzC0ylSFX":{"registrationId":1805068720,"currentRatchet":{"ephemeralKeyPair":{"pubKey":"BWEfClQ2X4Z12qJfBg+JElzXCXi1ZQeNDUR5o4u1aBNm","privKey":"eFi574rzhPzZe/WfG930FoG/WorzBpnfMk67BxJTcFg="},"lastRemoteEphemeralKey":"BXTrsfAJ/YU/RwQAkf6FP8MqgZvC0KhsfMzBwVAYGn0e","previousCounter":0,"rootKey":"wq5f6NgOQUzmEv7kzLU8CkGXfF6v0UCd+w453thK62U="},"indexInfo":{"baseKey":"BR9nHqIdW/0m12af2qlgI/c9SZEeI3sXrTcrzC0ylSFX","baseKeyType":1,"closed":-1,"used":1683098376849,"created":1683098376849,"remoteIdentityKey":"BaiKFOLOr9COcuHqnXkGzA074dkM7WU34CIQzTC/XUdn"},"_chains":{"BWEfClQ2X4Z12qJfBg+JElzXCXi1ZQeNDUR5o4u1aBNm":{"chainKey":{"counter":0,"key":"ylWCiMZ2oJnv5ONwvXVZ5YtT7lciyqkpoMov4Lu3AK8="},"chainType":1,"messageKeys":{}}},"pendingPreKey":{"signedKeyId":20,"baseKey":"BR9nHqIdW/0m12af2qlgI/c9SZEeI3sXrTcrzC0ylSFX","preKeyId":684506}}},"version":"v1"}