{"_sessions":{"BQEx80CrKMeuNhYFKUR5E//qbu9n7+sBfxc8ti+dzJZX":{"registrationId":2084524815,"currentRatchet":{"ephemeralKeyPair":{"pubKey":"BbGsNVXIxpg2IN/6TLWh3MyqcxGYEmvTxYtdI8KjRica","privKey":"SLmLfPoT8mgLK6NznaYWJdEdKwbcjAIVYdkqwW2rkWg="},"lastRemoteEphemeralKey":"BRh47l7wjHZ6AZTZ7WbmsxQf80NyaEIQAVgzlAXXCkon","previousCounter":0,"rootKey":"1XQPPg30SGW9IQyF8lBEnoh4DjoLGzhof6vpiKsFW8E="},"indexInfo":{"baseKey":"BQEx80CrKMeuNhYFKUR5E//qbu9n7+sBfxc8ti+dzJZX","baseKeyType":1,"closed":-1,"used":1682943144188,"created":1682943144188,"remoteIdentityKey":"BbLGAQkS+gnLf99XWx5AGIX2IKPav9jMdYaZl8idxFxN"},"_chains":{"BbGsNVXIxpg2IN/6TLWh3MyqcxGYEmvTxYtdI8KjRica":{"chainKey":{"counter":16,"key":"xO3IHh+V0txFTwYBsbOFqPF4B8+KPie587GfGgnFadc="},"chainType":1,"messageKeys":{}}},"pendingPreKey":{"signedKeyId":3,"baseKey":"BQEx80CrKMeuNhYFKUR5E//qbu9n7+sBfxc8ti+dzJZX","preKeyId":5473419}}},"version":"v1"}