{"_sessions":{"BQG6WR3hJFTGDddwMh+ptfFAguP2uwjofjGWkZwxTGx3":{"registrationId":1992788483,"currentRatchet":{"ephemeralKeyPair":{"pubKey":"BXTeS5w89R9qXa38Mlt9tiiqvHcx9wcW40Cirb45PfkJ","privKey":"8D1kIvLgAdi0BdZrKtxMkSBoKuztsmq5yiGujLZXbGU="},"lastRemoteEphemeralKey":"BSBsXye7aUxyFLrKifYWzo1xbfAOZOJDbxI1S3EGwcdL","previousCounter":0,"rootKey":"ZEJgN5bM1MrHw+hNWEPtmj/pXbdOYVavlPp28n8yRAg="},"indexInfo":{"baseKey":"BQG6WR3hJFTGDddwMh+ptfFAguP2uwjofjGWkZwxTGx3","baseKeyType":1,"closed":-1,"used":1682943144091,"created":1682943144091,"remoteIdentityKey":"BZFVhq0YwtdsbQ+ZeJ0/MOMO4WTJfGtbdImt/0J1IQxr"},"_chains":{"BXTeS5w89R9qXa38Mlt9tiiqvHcx9wcW40Cirb45PfkJ":{"chainKey":{"counter":16,"key":"5bdCqZ2Q4+6uo7NWVkvJl1/AqfQjYYqtEzolQtD6aoQ="},"chainType":1,"messageKeys":{}}},"pendingPreKey":{"signedKeyId":10,"baseKey":"BQG6WR3hJFTGDddwMh+ptfFAguP2uwjofjGWkZwxTGx3","preKeyId":3386846}}},"version":"v1"}