{"_sessions":{"BZTKMGyqAn+TqsrQJkSGvcCLEb7qZMwH0dGp6p74CmAE":{"registrationId":215,"currentRatchet":{"ephemeralKeyPair":{"pubKey":"BYoEA0dwgGP22p0lisWuWfHNZjs3E/2aMPrGUkVy4Uh+","privKey":"kCgkEJtJ8miGZXLAsNN0pDyf4JYhgfMsuuBAklCc7HA="},"lastRemoteEphemeralKey":"BWY/TgeQgoennYw/0WyecMzHnD8hk8Yb2R9kZnAHA/p/","previousCounter":0,"rootKey":"sO9zFfbxyfLUM2InVQyJhOQTub7rM1IRZNJ25T+f4lo="},"indexInfo":{"baseKey":"BZTKMGyqAn+TqsrQJkSGvcCLEb7qZMwH0dGp6p74CmAE","baseKeyType":1,"closed":-1,"used":1682943144039,"created":1682943144039,"remoteIdentityKey":"BR5TCihkTdotasi1w/VKEJlahIIr4MhXN6XZPcjoWyZc"},"_chains":{"BYoEA0dwgGP22p0lisWuWfHNZjs3E/2aMPrGUkVy4Uh+":{"chainKey":{"counter":16,"key":"slRG5VYV7ZzvEtShz4ege4srvpUMgb2D2BlPUU/7taY="},"chainType":1,"messageKeys":{}}},"pendingPreKey":{"signedKeyId":1,"baseKey":"BZTKMGyqAn+TqsrQJkSGvcCLEb7qZMwH0dGp6p74CmAE"}}},"version":"v1"}