{"_sessions":{"BQLVkbTVOjLtiRd2kNnxa+A3z7SIEtKuRj6IbN3sUZlL":{"registrationId":1293331401,"currentRatchet":{"ephemeralKeyPair":{"pubKey":"BWnhhxFvLpC0EaK+/NnIDOsMk2cH+xs2fnPX5EjBmaAp","privKey":"yC/T0eWGN+ph//Ef2iphS0S1H5WOr2ODYEa/HI9t63E="},"lastRemoteEphemeralKey":"BVyjQbyzb9JDaSs9Zq8BEaPhlwfCCS+c4qKY1g/hOjB6","previousCounter":0,"rootKey":"IZv74iDLM+QNk32/zkvVmUEV9dDABCmZHS5GpW5Z3dU="},"indexInfo":{"baseKey":"BQLVkbTVOjLtiRd2kNnxa+A3z7SIEtKuRj6IbN3sUZlL","baseKeyType":1,"closed":-1,"used":1683098376745,"created":1683098376745,"remoteIdentityKey":"BS1W0efhPT1t9xFqAr8+uG0ZTMnh7Lr9EQ7svhNLdodR"},"_chains":{"BWnhhxFvLpC0EaK+/NnIDOsMk2cH+xs2fnPX5EjBmaAp":{"chainKey":{"counter":0,"key":"EFu9C4JSV+K2tTU6qkSkNjxJ/LYABlEeRSf06N59SvY="},"chainType":1,"messageKeys":{}}},"pendingPreKey":{"signedKeyId":19,"baseKey":"BQLVkbTVOjLtiRd2kNnxa+A3z7SIEtKuRj6IbN3sUZlL","preKeyId":7705357}}},"version":"v1"}