{"_sessions":{"Bd1ysMFnTjoWt9skvPsd0SpH1ya+LFypDVc9XKq6co5E":{"registrationId":9759,"currentRatchet":{"ephemeralKeyPair":{"pubKey":"BRGF4pD9ljylAs7yJMgVKHRfmrm0QEOop/7Zs90/Gwx/","privKey":"2CABIVDZa+aRuNhjKa7TwQCSB+aN8DFPiyLAw9mb9Xg="},"lastRemoteEphemeralKey":"BdVcIXAS3fOEi7jjQbGbLU2crE4HI2ioDJsyAsZNmAAJ","previousCounter":0,"rootKey":"o9hzbbmckjiB/Kk3E6pCqzhmtkGaDQOdkR2dxAziDmM="},"indexInfo":{"baseKey":"Bd1ysMFnTjoWt9skvPsd0SpH1ya+LFypDVc9XKq6co5E","baseKeyType":1,"closed":-1,"used":1682943144031,"created":1682943144031,"remoteIdentityKey":"BYVoO/93Ia0V7QkswrgL4Wy8QP6NKoDi4GL85jv9A4AS"},"_chains":{"BRGF4pD9ljylAs7yJMgVKHRfmrm0QEOop/7Zs90/Gwx/":{"chainKey":{"counter":16,"key":"+jzX1Cc25opXB3RMNA0bORJBhWINCp405w6E0CDTKFM="},"chainType":1,"messageKeys":{}}},"pendingPreKey":{"signedKeyId":3,"baseKey":"Bd1ysMFnTjoWt9skvPsd0SpH1ya+LFypDVc9XKq6co5E","preKeyId":2263}}},"version":"v1"}