{"_sessions":{"BdTerQRt7R0kmF7pdBBevHTJwgIDiKXU7ZRmawfgzLkO":{"registrationId":257195617,"currentRatchet":{"ephemeralKeyPair":{"pubKey":"BdHwPC8gJpqR3vnwLiDKokQUYHaUmh/Ev+bEQKfxvT8C","privKey":"+Oo+3Pn44mWy600m6I3RThR8R7ulj7Xp2UKNVhAPFmI="},"lastRemoteEphemeralKey":"BWGix2VjBHpCUnyDgbFDF5wuqqIxBfwZj6NAOvVbh4QW","previousCounter":0,"rootKey":"m5JGG2jxU5SrK3ofZ3Pafw45apeO1y91/uGL5fMPh5M="},"indexInfo":{"baseKey":"BdTerQRt7R0kmF7pdBBevHTJwgIDiKXU7ZRmawfgzLkO","baseKeyType":1,"closed":-1,"used":1683098376741,"created":1683098376741,"remoteIdentityKey":"BcjTP4AN1n+K6A03zqCn3gb+2/m3ViciAzr8GanaLIUp"},"_chains":{"BdHwPC8gJpqR3vnwLiDKokQUYHaUmh/Ev+bEQKfxvT8C":{"chainKey":{"counter":0,"key":"w2PwM4Qp3kfvU4suFfjdOm3Fc0eLMblUnclw5Z4phaY="},"chainType":1,"messageKeys":{}}},"pendingPreKey":{"signedKeyId":27,"baseKey":"BdTerQRt7R0kmF7pdBBevHTJwgIDiKXU7ZRmawfgzLkO","preKeyId":585843}}},"version":"v1"}