{"_sessions":{"BRP/oTEAJxzDKaXjuyOyCB6uW1DtRHnOuxnPSjdUnhZ2":{"registrationId":1027923862,"currentRatchet":{"ephemeralKeyPair":{"pubKey":"BczC/iY7/Hvv7VSF0bEyrGtb3ZR7qJEMsr2cSt51pIBo","privKey":"6GOTK76lIPtg4O2kyfzzrgEE+M2oWEd5vW9mx4eeDX4="},"lastRemoteEphemeralKey":"BdcoUctry6jZtd3O4FTiHdUx0JehaSsG7dnLaAPPaHsA","previousCounter":0,"rootKey":"g1JQxDutPH6Ypq99/LsL4OUQq1rR22+HOIrmtAobSvA="},"indexInfo":{"baseKey":"BRP/oTEAJxzDKaXjuyOyCB6uW1DtRHnOuxnPSjdUnhZ2","baseKeyType":1,"closed":1683111562378,"used":1682943144111,"created":1682943144111,"remoteIdentityKey":"BYeEBVo7VbIIfqM6MPAv53vVOE6za8aioPS6yenlEwBC"},"_chains":{"BczC/iY7/Hvv7VSF0bEyrGtb3ZR7qJEMsr2cSt51pIBo":{"chainKey":{"counter":15,"key":"aNRk2dS0GKFKNYdaoL15w046ejUFYtbicwwGW/dULoI="},"chainType":1,"messageKeys":{}}},"pendingPreKey":{"signedKeyId":9,"baseKey":"BRP/oTEAJxzDKaXjuyOyCB6uW1DtRHnOuxnPSjdUnhZ2"}},"BVj4Bd6BFKa+jqxWXR/ZS8J0Q+YNdqIPTJu0Fme3V/MC":{"registrationId":1708594378,"currentRatchet":{"ephemeralKeyPair":{"pubKey":"BXqbREQRnofgEmjMhn+PHPB2TlbiFvo5C1qNWqaqZdkC","privKey":"EASyqjQvwaR2X471MhBsFCN5Yq1WXQHhylZKM6/yF18="},"lastRemoteEphemeralKey":"BW7AojLGkLNpWaOYRYhPSWnJaCzsEMN2w2ZWrAZqV15z","previousCounter":0,"rootKey":"MWddsGCTN4RwkMm/Rx7ofnx0TfC0qH5XFeMnLqpT7EI="},"indexInfo":{"baseKey":"BVj4Bd6BFKa+jqxWXR/ZS8J0Q+YNdqIPTJu0Fme3V/MC","baseKeyType":1,"closed":1683111562998,"used":1683111562355,"created":1683111562355,"remoteIdentityKey":"BfKG32uj2fTy1T03BObJq0pCCaTU5Rdmumjwp2f2nBtJ"},"_chains":{"BXqbREQRnofgEmjMhn+PHPB2TlbiFvo5C1qNWqaqZdkC":{"chainKey":{"counter":-1,"key":"ZNWoowVaE1TYZXK1h0xiw90wIcQhZqVF3Zquu7vDF44="},"chainType":1,"messageKeys":{}}},"pendingPreKey":{"signedKeyId":0,"baseKey":"BVj4Bd6BFKa+jqxWXR/ZS8J0Q+YNdqIPTJu0Fme3V/MC","preKeyId":4454230}},"BbSeXsXGvD165NW1cl4jUBfVFiMT+3sGjSYwlcOk0EQ9":{"registrationId":1708594378,"currentRatchet":{"ephemeralKeyPair":{"pubKey":"BZq9KZ7vUG//+ayCsoMb9fex1V/lkIgyvJGZYLKncJtH","privKey":"oLUgydhm5Q4YbkuNyGhktdu54B8Cnw54i60qWtIV+G8="},"lastRemoteEphemeralKey":"BW7AojLGkLNpWaOYRYhPSWnJaCzsEMN2w2ZWrAZqV15z","previousCounter":0,"rootKey":"Ctr0kvOr0WHjoByKpy5PQ06iCJaa3BDMLNmlnph4auU="},"indexInfo":{"baseKey":"BbSeXsXGvD165NW1cl4jUBfVFiMT+3sGjSYwlcOk0EQ9","baseKeyType":1,"closed":1683111564111,"used":1683111562995,"created":1683111562995,"remoteIdentityKey":"BfKG32uj2fTy1T03BObJq0pCCaTU5Rdmumjwp2f2nBtJ"},"_chains":{"BZq9KZ7vUG//+ayCsoMb9fex1V/lkIgyvJGZYLKncJtH":{"chainKey":{"counter":-1,"key":"FrOsSWRVOsCT7S6VtHOaoolDJ+j6A0WxDTzg1HNqYqs="},"chainType":1,"messageKeys":{}}},"pendingPreKey":{"signedKeyId":0,"baseKey":"BbSeXsXGvD165NW1cl4jUBfVFiMT+3sGjSYwlcOk0EQ9","preKeyId":4454304}},"BQUTVTftgve7HvwfAJwjgioA0LW20l/z4QVWriYPytBY":{"registrationId":1708594378,"currentRatchet":{"ephemeralKeyPair":{"pubKey":"BWRmBTUv58HS8la9cJRkr3mOT49LGnScH5XzqKUO4vwh","privKey":"CDGYzOmCn1B2Dps1fYN5RuWQO4QWP2ZALJ2fgcduKFI="},"lastRemoteEphemeralKey":"BW7AojLGkLNpWaOYRYhPSWnJaCzsEMN2w2ZWrAZqV15z","previousCounter":0,"rootKey":"acklcvESqs0V3U1+q1DC52+USgAcwTP5vI6m/uAe3D0="},"indexInfo":{"baseKey":"BQUTVTftgve7HvwfAJwjgioA0LW20l/z4QVWriYPytBY","baseKeyType":1,"closed":1683111565951,"used":1683111564109,"created":1683111564109,"remoteIdentityKey":"BfKG32uj2fTy1T03BObJq0pCCaTU5Rdmumjwp2f2nBtJ"},"_chains":{"BWRmBTUv58HS8la9cJRkr3mOT49LGnScH5XzqKUO4vwh":{"chainKey":{"counter":-1,"key":"E1VYMz37KxvQ9rGxzNMFLc+ySDINmEshFoPLSkmDl/k="},"chainType":1,"messageKeys":{}}},"pendingPreKey":{"signedKeyId":0,"baseKey":"BQUTVTftgve7HvwfAJwjgioA0LW20l/z4QVWriYPytBY","preKeyId":4454237}},"BQv0u0zeQNjRrT9F6WVrzsLnZHQ5Ibo5mZ5ehmk0Hpwh":{"registrationId":1708594378,"currentRatchet":{"ephemeralKeyPair":{"pubKey":"BRv6A2MVD0F3B+0oVvhws/oZ7YonQXXAf+pTNEF11Wkg","privKey":"UD64Sr8Nc9qxg5eppMZd1wJeQIbwCE51SODblh5Uu18="},"lastRemoteEphemeralKey":"BW7AojLGkLNpWaOYRYhPSWnJaCzsEMN2w2ZWrAZqV15z","previousCounter":0,"rootKey":"BQ6x5XZqqxgi6txLt2Vie94a1jcLzwX1P2DrfJuNML0="},"indexInfo":{"baseKey":"BQv0u0zeQNjRrT9F6WVrzsLnZHQ5Ibo5mZ5ehmk0Hpwh","baseKeyType":1,"closed":1683111575321,"used":1683111565949,"created":1683111565949,"remoteIdentityKey":"BfKG32uj2fTy1T03BObJq0pCCaTU5Rdmumjwp2f2nBtJ"},"_chains":{"BRv6A2MVD0F3B+0oVvhws/oZ7YonQXXAf+pTNEF11Wkg":{"chainKey":{"counter":-1,"key":"mjEzfBaGv93j1E2BbUyH2QSEAWyNHTJRNF51vyniJSc="},"chainType":1,"messageKeys":{}}},"pendingPreKey":{"signedKeyId":0,"baseKey":"BQv0u0zeQNjRrT9F6WVrzsLnZHQ5Ibo5mZ5ehmk0Hpwh","preKeyId":4454416}},"BZCB5xJKTDAMjQk/xDrCELedLzFuVNSLuRL7+UXuoTlU":{"registrationId":1708594378,"currentRatchet":{"ephemeralKeyPair":{"pubKey":"BSpVEyCTNE+mat//aN4m45mXig28zbW9y/aySD+NZPkh","privKey":"GDYzvAtPAA2VaifGC8Svn6CEb8c/IbZTtdGXIypBh34="},"lastRemoteEphemeralKey":"BW7AojLGkLNpWaOYRYhPSWnJaCzsEMN2w2ZWrAZqV15z","previousCounter":0,"rootKey":"tadL6ltDuvaz5WmtRyI/JLaBhvY4/qGT7apxvzB88Js="},"indexInfo":{"baseKey":"BZCB5xJKTDAMjQk/xDrCELedLzFuVNSLuRL7+UXuoTlU","baseKeyType":1,"closed":1683111575699,"used":1683111575318,"created":1683111575318,"remoteIdentityKey":"BfKG32uj2fTy1T03BObJq0pCCaTU5Rdmumjwp2f2nBtJ"},"_chains":{"BSpVEyCTNE+mat//aN4m45mXig28zbW9y/aySD+NZPkh":{"chainKey":{"counter":-1,"key":"6R7fzDLiI1jEWhN6wzIcAg5LIENpgf56Tmapdc0kmM8="},"chainType":1,"messageKeys":{}}},"pendingPreKey":{"signedKeyId":0,"baseKey":"BZCB5xJKTDAMjQk/xDrCELedLzFuVNSLuRL7+UXuoTlU"}},"BTJUxXRnTVYGEfQmoJ9iBVOKMBymhJO97C5i4PcVuNF9":{"registrationId":1708594378,"currentRatchet":{"ephemeralKeyPair":{"pubKey":"BcmOwNgMGHjGx3ftGby1nCbrcBXr3YRO5ZJvTRxazKIL","privKey":"0AvbpArvr3gWZ5rb8uW6f7876j2Vi+XedYaUn1YORmM="},"lastRemoteEphemeralKey":"BW7AojLGkLNpWaOYRYhPSWnJaCzsEMN2w2ZWrAZqV15z","previousCounter":0,"rootKey":"QA7brKdJ0kmuQ6i3ciVurDUcXNWVxO3A99P0rKB6qgU="},"indexInfo":{"baseKey":"BTJUxXRnTVYGEfQmoJ9iBVOKMBymhJO97C5i4PcVuNF9","baseKeyType":1,"closed":1683111577313,"used":1683111575695,"created":1683111575695,"remoteIdentityKey":"BfKG32uj2fTy1T03BObJq0pCCaTU5Rdmumjwp2f2nBtJ"},"_chains":{"BcmOwNgMGHjGx3ftGby1nCbrcBXr3YRO5ZJvTRxazKIL":{"chainKey":{"counter":-1,"key":"MoyMeC1XdBkzjk9Blq+Ix3bDW4u2RUXMjtL6pwUaMU4="},"chainType":1,"messageKeys":{}}},"pendingPreKey":{"signedKeyId":0,"baseKey":"BTJUxXRnTVYGEfQmoJ9iBVOKMBymhJO97C5i4PcVuNF9"}},"BXMtzmTQ17kFz6Cy1/8/096O94Z7ERKEwxfKYPjTwARb":{"registrationId":1708594378,"currentRatchet":{"ephemeralKeyPair":{"pubKey":"BY3HaVaJl6VMHxeZFX2CtzrNGZlpyhGIih18fJazJnxi","privKey":"oIoM3LPwWzOC8g1qE5dH2lWUkX0tnmuYDkpk3ZpUfGs="},"lastRemoteEphemeralKey":"BW7AojLGkLNpWaOYRYhPSWnJaCzsEMN2w2ZWrAZqV15z","previousCounter":0,"rootKey":"FudvRoZrr0Pc4L+31/Ngz2B0jQs80uQpVWGeDTr9NTI="},"indexInfo":{"baseKey":"BXMtzmTQ17kFz6Cy1/8/096O94Z7ERKEwxfKYPjTwARb","baseKeyType":1,"closed":-1,"used":1683111577311,"created":1683111577311,"remoteIdentityKey":"BfKG32uj2fTy1T03BObJq0pCCaTU5Rdmumjwp2f2nBtJ"},"_chains":{"BY3HaVaJl6VMHxeZFX2CtzrNGZlpyhGIih18fJazJnxi":{"chainKey":{"counter":0,"key":"M6GRKXgn6PwspQlyudbGDckFUi1tKxIf6RTBKeDVfIg="},"chainType":1,"messageKeys":{}}},"pendingPreKey":{"signedKeyId":0,"baseKey":"BXMtzmTQ17kFz6Cy1/8/096O94Z7ERKEwxfKYPjTwARb"}}},"version":"v1"}