{"_sessions":{"BQdCdyQG0LqmxRaM8QX/DZNPeVBVBw1h7Nxqv+KABrti":{"registrationId":1082885157,"currentRatchet":{"ephemeralKeyPair":{"pubKey":"BaA9LMaBlyEBtxhnwDbQ5mbnC83d7mq9xKMDQrDkYN1b","privKey":"WExCSd6LguHQXowPUgLpfOmGoteGfQCsx3CwkfHR/Vc="},"lastRemoteEphemeralKey":"Bb4yc7MimHqN9C09UPMfFlj4hEiJLNkIAY9ns9LExUNY","previousCounter":0,"rootKey":"SpQEBRuVGW3YLUJYPLOfglgz0VLsaVRnZ8hTraDTLgE="},"indexInfo":{"baseKey":"BQdCdyQG0LqmxRaM8QX/DZNPeVBVBw1h7Nxqv+KABrti","baseKeyType":1,"closed":-1,"used":1683109913318,"created":1683108325025,"remoteIdentityKey":"BcQvMy2JZp/eR1kqVKEUFmdHDHUvwmF2OgC7msZZw6oX"},"_chains":{"Bb4yc7MimHqN9C09UPMfFlj4hEiJLNkIAY9ns9LExUNY":{"chainKey":{"counter":0,"key":"E3feing8BZesLRWPi78YsNOVfOXB6IhiGyx0eXDA1ik="},"chainType":2,"messageKeys":{}},"BaA9LMaBlyEBtxhnwDbQ5mbnC83d7mq9xKMDQrDkYN1b":{"chainKey":{"counter":0,"key":"4M6cw6WsE/rJnMW7WegvzEH/bQaH4vQhOo2sSAc5qEk="},"chainType":1,"messageKeys":{}}}}},"version":"v1"}