{"_sessions":{"BYKJ8tMYEOTNhy9XmEyM2DGyB9Q+PvNoQA6Yfxh22A8w":{"registrationId":476477184,"currentRatchet":{"ephemeralKeyPair":{"pubKey":"Bc75ceqX4bz2zGfyAXz10b186LcEAZb96WtqzIlLF2d4","privKey":"4IiN/X1Ymd2HTsVAs9djC0+xoOXrJKJAMsXd8tTx/0k="},"lastRemoteEphemeralKey":"BdGJV/tXYho71KHz3etHFcyTimvUiNQHBjsrrjpnaItA","previousCounter":0,"rootKey":"FxqeaHI7pjidQjyAZwqwJfy329ihRd4GMQUMMU1QtFk="},"indexInfo":{"baseKey":"BYKJ8tMYEOTNhy9XmEyM2DGyB9Q+PvNoQA6Yfxh22A8w","baseKeyType":1,"closed":-1,"used":1683110683848,"created":1683110663502,"remoteIdentityKey":"BSsAGrG1X9ErzG0iHY1oyje3Mcwuct3NcBOJgCbgiJ4N"},"_chains":{"BdGJV/tXYho71KHz3etHFcyTimvUiNQHBjsrrjpnaItA":{"chainKey":{"counter":0,"key":"Eu6APRS4YtIgZasGvjCm88FQTEV1LesfqfNNePDjzEc="},"chainType":2,"messageKeys":{}},"Bc75ceqX4bz2zGfyAXz10b186LcEAZb96WtqzIlLF2d4":{"chainKey":{"counter":0,"key":"F6HqhQhAhBa3PlzAPyXgZigQeKUhv+EzMn6e78+dsMM="},"chainType":1,"messageKeys":{}}}}},"version":"v1"}