{"_sessions":{"Bb8v2BQDD2CFrscbh7bH52ZL8q2RUSoXGHTs16dN6uR/":{"registrationId":1489478780,"currentRatchet":{"ephemeralKeyPair":{"pubKey":"BY4Lb3W/cil+J3w0VffPfc3dBeVO/+K6IEl6D9QZER41","privKey":"UN+C5gF2xF4KEgkJNObyLe/yTc+SmQ81o/O2HTPILGA="},"lastRemoteEphemeralKey":"BbAXgpaflZWDXc++X3wqIRYoig+pK3WEUktgXGsBR9lk","previousCounter":0,"rootKey":"z48qBnQU5FEEfau8gYOvm7QDoMtDExPbB0zDalBAC8E="},"indexInfo":{"baseKey":"Bb8v2BQDD2CFrscbh7bH52ZL8q2RUSoXGHTs16dN6uR/","baseKeyType":1,"closed":-1,"used":1683098376864,"created":1683098376864,"remoteIdentityKey":"BVIeCabxYjlVGPS1YkFRVtsbFzWxzkYUGBwGEFJpfLNA"},"_chains":{"BY4Lb3W/cil+J3w0VffPfc3dBeVO/+K6IEl6D9QZER41":{"chainKey":{"counter":0,"key":"LkDdBBtIYDVS9z/wq4EsojAGFqRFlzsN7of+yPCoqKQ="},"chainType":1,"messageKeys":{}}},"pendingPreKey":{"signedKeyId":0,"baseKey":"Bb8v2BQDD2CFrscbh7bH52ZL8q2RUSoXGHTs16dN6uR/"}}},"version":"v1"}