{"_sessions":{"BSZ4MA1z8YIdS9/bCMG+nW/jUhiN0LQ3xelkaWJEnfhD":{"registrationId":942900860,"currentRatchet":{"ephemeralKeyPair":{"pubKey":"BU5dTmKZUcgjLQYp8zQdnB72ObEAbXL9kzdtZxZXPOsM","privKey":"4CtUSpcQxHLrYjzjnfs89L91M0Vt5BCQyey0rmwafFQ="},"lastRemoteEphemeralKey":"BXs6phvwYJi483iMImJF+w4bU+8GIcJ3FOeDYJACfi1r","previousCounter":0,"rootKey":"yFFXzq8GGWR8RSp/u2o1v5CGManDfZpch9kX/xrtQMU="},"indexInfo":{"baseKey":"BSZ4MA1z8YIdS9/bCMG+nW/jUhiN0LQ3xelkaWJEnfhD","baseKeyType":1,"closed":-1,"used":1682943144112,"created":1682943144112,"remoteIdentityKey":"BQhNmT7fr3CvzeZX2UClrrjDkXoFeG3rNTyCp2ydKvlf"},"_chains":{"BU5dTmKZUcgjLQYp8zQdnB72ObEAbXL9kzdtZxZXPOsM":{"chainKey":{"counter":16,"key":"tpzsi1H52X5ZyZXNZKGRHoREJ7aCVfcJpNJGHmeGEsM="},"chainType":1,"messageKeys":{}}},"pendingPreKey":{"signedKeyId":11,"baseKey":"BSZ4MA1z8YIdS9/bCMG+nW/jUhiN0LQ3xelkaWJEnfhD","preKeyId":5528586}}},"version":"v1"}