{"_sessions":{"BScRYYDfoN/RGDbjpQ1u4DTNbs9lOZCCnnqhKZfrufZq":{"registrationId":999037125,"currentRatchet":{"ephemeralKeyPair":{"pubKey":"BTJ2eLyqnsjE8IWwg9BNH6Jle+oYSUS/DW7ZiMbD8OEc","privKey":"6G+mQFCSgCH1AWzpulfeeMhlh47K+prr34rg0U2vu1M="},"lastRemoteEphemeralKey":"Bcu8j14qIiBmnuqII1xgfeDviKcIOJN0aFw/QxY5X/1B","previousCounter":0,"rootKey":"r/0RdaQZSatUtq7E/lgJ16LiJHWSmWnKZ0cAKp3xwbo="},"indexInfo":{"baseKey":"BScRYYDfoN/RGDbjpQ1u4DTNbs9lOZCCnnqhKZfrufZq","baseKeyType":1,"closed":-1,"used":1682943144151,"created":1682943144151,"remoteIdentityKey":"BTpzMKL/jIn8fzxJ5f+I4AKIslm8NdX4BrDZ/lZzp+d2"},"_chains":{"BTJ2eLyqnsjE8IWwg9BNH6Jle+oYSUS/DW7ZiMbD8OEc":{"chainKey":{"counter":16,"key":"kbXJR5WuQuJh/YdCPfglhmb43C4ruX/ViKy0PqZpedM="},"chainType":1,"messageKeys":{}}},"pendingPreKey":{"signedKeyId":7,"baseKey":"BScRYYDfoN/RGDbjpQ1u4DTNbs9lOZCCnnqhKZfrufZq","preKeyId":3210165}}},"version":"v1"}