{"_sessions":{"BcY6FpLtgGJuZRBWnFL28FNl6QWdVbajztlYVcoMEw47":{"registrationId":1707793750,"currentRatchet":{"ephemeralKeyPair":{"pubKey":"Be6NC3heNolA6zD2Lsjxyd6kIDanwbGL092juE3mJQcO","privKey":"EPZcPQG1klA/gjDXsVLqDpxLJDEmporYL+g/a9x4/V4="},"lastRemoteEphemeralKey":"Bak7xPyqHdhQ7hnAsix6qmTL/QNLIxuxPCL4ZsqAj1x5","previousCounter":15,"rootKey":"r5/ibSr4HShFUyJp4/AeHDxvRzX0xZelfMJgjq1ph1U="},"indexInfo":{"baseKey":"BcY6FpLtgGJuZRBWnFL28FNl6QWdVbajztlYVcoMEw47","baseKeyType":1,"closed":-1,"used":1683068017902,"created":1682943144075,"remoteIdentityKey":"BT/hlqDA/T37yo25TcpEtc84Bx76TaKhNuFULJd2QHoo"},"_chains":{"Bak7xPyqHdhQ7hnAsix6qmTL/QNLIxuxPCL4ZsqAj1x5":{"chainKey":{"counter":0,"key":"297eD5H9Asy8ioiPINr0dA8p5QgP/RrdMLfcACqCIbg="},"chainType":2,"messageKeys":{}},"Be6NC3heNolA6zD2Lsjxyd6kIDanwbGL092juE3mJQcO":{"chainKey":{"counter":0,"key":"NclVbB7F3Ze0IcGx1/eSzMBGpr1hYKZysXyXL61zcic="},"chainType":1,"messageKeys":{}}}}},"version":"v1"}