{"_sessions":{"BTxPAlNvI3TOtOkJt9E+ykcUPsURJQln2F4K2UGl0ch3":{"registrationId":2013584129,"currentRatchet":{"ephemeralKeyPair":{"pubKey":"BZ8Tkd9sbsRpuWf7exR/MEXpk1QV4revhGKZzRI6UJgd","privKey":"4A9s207orBpZ5IuhmoYDq6+Mz0bmnCiWCYTkigcNVm4="},"lastRemoteEphemeralKey":"BRF0Rng4JxuoLopUF16cg0Oz/eOfaHMFnLHvs3pHetkS","previousCounter":0,"rootKey":"7aexWX74IQ8QahOooEj1B3QTD2iqC5rKMc2lVlq9Ato="},"indexInfo":{"baseKey":"BTxPAlNvI3TOtOkJt9E+ykcUPsURJQln2F4K2UGl0ch3","baseKeyType":1,"closed":-1,"used":1683031314580,"created":1683031314580,"remoteIdentityKey":"BaXdqZtdhNLux6VpyZvFGQ+q/f/sfCwFhdRKeHjyQ90k"},"_chains":{"BZ8Tkd9sbsRpuWf7exR/MEXpk1QV4revhGKZzRI6UJgd":{"chainKey":{"counter":5,"key":"99YJ/vCVea7rGbuPu6B92z4rjvIGPkMOPn3hK9Sx25U="},"chainType":1,"messageKeys":{}}},"pendingPreKey":{"signedKeyId":1,"baseKey":"BTxPAlNvI3TOtOkJt9E+ykcUPsURJQln2F4K2UGl0ch3","preKeyId":4728947}}},"version":"v1"}