{"_sessions":{"BT5MZIDeokrOvIbtWSsgek+fppSzoKu/+I29VnDlfZd9":{"registrationId":288814001,"currentRatchet":{"ephemeralKeyPair":{"pubKey":"BTKSXmrqafhP1cMrRSb4mfj2ZdfWW3U9O+A/Ua9JyjkO","privKey":"8L5V/TTcLndJr96RDDTTfZiR3fw8CwxlrOXjxKjJ43A="},"lastRemoteEphemeralKey":"BVL961KVJHRGy/WEVp1Fwd9a6xvAT/qorzDPcG3pemgh","previousCounter":0,"rootKey":"KhiqmjW9SWScJwiKO+3StA44EvJwzCWsfyDtzgNg+lg="},"indexInfo":{"baseKey":"BT5MZIDeokrOvIbtWSsgek+fppSzoKu/+I29VnDlfZd9","baseKeyType":1,"closed":-1,"used":1683098376830,"created":1683098376830,"remoteIdentityKey":"Bb75ZjXHEFJRJXc/Iur+MDkINh/kkMTzIyz/WTnTNm05"},"_chains":{"BTKSXmrqafhP1cMrRSb4mfj2ZdfWW3U9O+A/Ua9JyjkO":{"chainKey":{"counter":0,"key":"F6BsZkXxPMglQOvv+bN1CMs72yZ+pzDHwtNif+FBZ2U="},"chainType":1,"messageKeys":{}}},"pendingPreKey":{"signedKeyId":22,"baseKey":"BT5MZIDeokrOvIbtWSsgek+fppSzoKu/+I29VnDlfZd9","preKeyId":4479548}}},"version":"v1"}