{"_sessions":{"BbVwbRKnly9Y/HWEJfvOyzO8uFl+rHhk2VnopA3as54R":{"registrationId":1221334276,"currentRatchet":{"ephemeralKeyPair":{"pubKey":"BdLXLNUxhFosogmPKT2MbBE5BFppXlV4ytrTw0FgfzcO","privKey":"sArYd8XXUsRSIsta9DufOJxTPlqpQjK2qV/+i3bFLXk="},"lastRemoteEphemeralKey":"BcpzgMTmmyS66j2hjUN9AeXBRM+gyvDb/ihChmcoMiN5","previousCounter":0,"rootKey":"cvAZlQHkBhZW6e+UrS9ugtvZYSCoeXRAhz/6d86XlgY="},"indexInfo":{"baseKey":"BbVwbRKnly9Y/HWEJfvOyzO8uFl+rHhk2VnopA3as54R","baseKeyType":1,"closed":-1,"used":1683098376822,"created":1683098376822,"remoteIdentityKey":"BU21m0vcgSt8gjr9vZF7t6TSMuG6D3ziPfuE1V3v568l"},"_chains":{"BdLXLNUxhFosogmPKT2MbBE5BFppXlV4ytrTw0FgfzcO":{"chainKey":{"counter":0,"key":"IVXl0AzCjWKG0bWJO30c3R56ZiHEcbMuetxnJztTUDo="},"chainType":1,"messageKeys":{}}},"pendingPreKey":{"signedKeyId":8,"baseKey":"BbVwbRKnly9Y/HWEJfvOyzO8uFl+rHhk2VnopA3as54R","preKeyId":9714894}}},"version":"v1"}