{"_sessions":{"BZGsw+sT7sM0b1mq8uA3IVQXf82pSb74kK9HdckJMud9":{"registrationId":297735970,"currentRatchet":{"ephemeralKeyPair":{"pubKey":"BQQavjBKID13u3DPLYt0pO4g+HAyq8t6p9HCW/0/PMtu","privKey":"kKVEZ49sqQrQfMSrcY9DWIU8IvDyiZFrAMjo0tU+hl4="},"lastRemoteEphemeralKey":"BTm3dzUeamfj7pXsqB2bfn3yoh3mTUyIwH/RJPoKHjUr","previousCounter":4,"rootKey":"vGw9NdggA4/hZhkSRnkN2z00nomCfwCK/5f2SaDfjc4="},"indexInfo":{"baseKey":"BZGsw+sT7sM0b1mq8uA3IVQXf82pSb74kK9HdckJMud9","baseKeyType":1,"closed":-1,"used":1683031317148,"created":1682943144094,"remoteIdentityKey":"BUKeeUwK4idFAhRwZm1T9HOQDU7W2SyUhCZod9dBX0BK"},"_chains":{"Bd8WNn2TMQ7NSj8YCPc3FERBWqbegcG6bXG+Dwk+OEFP":{"chainKey":{"counter":0},"chainType":2,"messageKeys":{}},"BaEY67EgZVxKFJSG1y2O26IKXvNTan3EYyf2kNolJFds":{"chainKey":{"counter":1},"chainType":2,"messageKeys":{}},"BTm3dzUeamfj7pXsqB2bfn3yoh3mTUyIwH/RJPoKHjUr":{"chainKey":{"counter":2,"key":"YafpuOwfh+zpx3cXut3c5IqYzIMOIPjjKPNuoXFiOwk="},"chainType":2,"messageKeys":{}},"BQQavjBKID13u3DPLYt0pO4g+HAyq8t6p9HCW/0/PMtu":{"chainKey":{"counter":5,"key":"7QTr8xeW/xgTeuI2vwfHcNwghXUJ5XOC/sWYe3GkTGg="},"chainType":1,"messageKeys":{}}}}},"version":"v1"}