{"_sessions":{"BcSow4XmVFXeCJkuFIKHFLT2bmpFTbXq22+eUJouknFH":{"registrationId":33792468,"currentRatchet":{"ephemeralKeyPair":{"pubKey":"BfY8+FpKj03PiEvinRwlrnZs6FTylv7Lj6Aw+XK/+Bkh","privKey":"2ExkQRbEz7j/bCDbs8uCIahdDrtk8gCfMm5bHjJxB1U="},"lastRemoteEphemeralKey":"Be3knS0wiJiqo9FtydhjPrpHZZYg1Kn86TvfdydBGlFe","previousCounter":0,"rootKey":"PEvgF2F7HfBPekIRUngBQ3NhcFQxsyW+PEAf+edpclo="},"indexInfo":{"baseKey":"BcSow4XmVFXeCJkuFIKHFLT2bmpFTbXq22+eUJouknFH","baseKeyType":1,"closed":-1,"used":1682943144037,"created":1682943144037,"remoteIdentityKey":"BRqyE3eZ3k9LyetePds8CHp2EV4t/bHhtoV/EKrsLI4H"},"_chains":{"BfY8+FpKj03PiEvinRwlrnZs6FTylv7Lj6Aw+XK/+Bkh":{"chainKey":{"counter":16,"key":"RAAIpLF46vyjP5H5qEPz9NoeLDgVlJdaJ7mfb8OK08Y="},"chainType":1,"messageKeys":{}}},"pendingPreKey":{"signedKeyId":3,"baseKey":"BcSow4XmVFXeCJkuFIKHFLT2bmpFTbXq22+eUJouknFH","preKeyId":15621556}}},"version":"v1"}