{"_sessions":{"Ba41m6LJVwezwOIh/j7gYDwvo2mNXwgApqG1f4umIV8z":{"registrationId":346866303,"currentRatchet":{"ephemeralKeyPair":{"pubKey":"BWCtvMEpMAyY/WxII33POmRIsxyXpnL3epLKHrOAwdY4","privKey":"6A3IQ4BZAoFxxJPyneKs3zPFXn/UTfocP9Nib+B/L0Q="},"lastRemoteEphemeralKey":"BWV0e9poGYQHBp/3BhyiIwdEJY83Pmi3W52A8/Gn8wth","previousCounter":0,"rootKey":"LkR6zwQbpJHeP/TyFUhCmLGBPiM/birMxkElHEZO8KE="},"indexInfo":{"baseKey":"Ba41m6LJVwezwOIh/j7gYDwvo2mNXwgApqG1f4umIV8z","baseKeyType":1,"closed":-1,"used":1682943144211,"created":1682943144211,"remoteIdentityKey":"BYDicAPd4mF4jXbQiSBUroP0uTHE+GTXLd6VXli4ZOoF"},"_chains":{"BWCtvMEpMAyY/WxII33POmRIsxyXpnL3epLKHrOAwdY4":{"chainKey":{"counter":16,"key":"pqfcoITQI6HbAfYwTv2TERoK61UdRJ4iw9LOcL9DSG8="},"chainType":1,"messageKeys":{}}},"pendingPreKey":{"signedKeyId":9,"baseKey":"Ba41m6LJVwezwOIh/j7gYDwvo2mNXwgApqG1f4umIV8z","preKeyId":13060467}}},"version":"v1"}