{"_sessions":{"BQJ0PKP9q5Elx9/+olQ5GACW/5P7OSp1HB9mfCSdjBxP":{"registrationId":9042,"currentRatchet":{"ephemeralKeyPair":{"pubKey":"BUy7sH2ttacGgKdQXYOtsosO3o3fKHoordrFZ6HJGk5R","privKey":"mBK0rokX2lDb/HrKrLvjN9TVEtuC/YZzR/0Xksxy9UQ="},"lastRemoteEphemeralKey":"BcjNHxLJ/2fXlhkvh0RWpEm225Fj6MoK0FuswIoFhoMu","previousCounter":0,"rootKey":"gXB5gkUdcjf32BTC/wac6Uc83igSDsMRkOPKB3Xlhcw="},"indexInfo":{"baseKey":"BQJ0PKP9q5Elx9/+olQ5GACW/5P7OSp1HB9mfCSdjBxP","baseKeyType":1,"closed":1683003009478,"used":1682943144032,"created":1682943144032,"remoteIdentityKey":"Bd4sqWAy5QR7DpqZFPm8zHbUSkUwrc9agip621lz0PdH"},"_chains":{"BUy7sH2ttacGgKdQXYOtsosO3o3fKHoordrFZ6HJGk5R":{"chainKey":{"counter":9,"key":"+z7n+ek4xQoXNlRMzQDzWK88dapUKoLg2P8f1A7fMwg="},"chainType":1,"messageKeys":{}}},"pendingPreKey":{"signedKeyId":1,"baseKey":"BQJ0PKP9q5Elx9/+olQ5GACW/5P7OSp1HB9mfCSdjBxP","preKeyId":453}},"BYWtlLoTQnA8wgIpPdAjWA7ntVPFpa3XKchUMeJ9fKA7":{"registrationId":9042,"currentRatchet":{"ephemeralKeyPair":{"pubKey":"BSu0YGE/51TX3/VQYk7WgOf4+MQkLnRIYXoGIa79KN0Z","privKey":"YGBlaZCnc/Cy2+y8rHHS/x2UH/CBwxJHAAZgG3j5808="},"lastRemoteEphemeralKey":"BcjNHxLJ/2fXlhkvh0RWpEm225Fj6MoK0FuswIoFhoMu","previousCounter":0,"rootKey":"aCnjjjBnjAhYNKBdzRLiGScO8kS/5jUrOEvwSIBMBGo="},"indexInfo":{"baseKey":"BYWtlLoTQnA8wgIpPdAjWA7ntVPFpa3XKchUMeJ9fKA7","baseKeyType":1,"closed":-1,"used":1683003009475,"created":1683003009475,"remoteIdentityKey":"Bd4sqWAy5QR7DpqZFPm8zHbUSkUwrc9agip621lz0PdH"},"_chains":{"BSu0YGE/51TX3/VQYk7WgOf4+MQkLnRIYXoGIa79KN0Z":{"chainKey":{"counter":6,"key":"RYzna9Ods7br99bqUbHenu6ALMlKCra3d9BH95ZIkn4="},"chainType":1,"messageKeys":{}}},"pendingPreKey":{"signedKeyId":1,"baseKey":"BYWtlLoTQnA8wgIpPdAjWA7ntVPFpa3XKchUMeJ9fKA7","preKeyId":805}}},"version":"v1"}