{"_sessions":{"BdVWk7koPxmSqcFVtS2BoOWFXfpvL/Lv/j7h2mm7sLRM":{"registrationId":1333402662,"currentRatchet":{"ephemeralKeyPair":{"pubKey":"BTnpZHDqlrMe0nJd9z9fPZZjHpJEeGtx63qPf0N/8rkE","privKey":"KNyIfoM0mAW1139GfmfnNjaXmJn/Cr4J2FidracYSHA="},"lastRemoteEphemeralKey":"Be+g0XH6iT4w7tqdyGW39MWetZWuO6O7mLwliEx7xiRS","previousCounter":0,"rootKey":"3gM3zIwXJo0lTZf/AquIm5VhMxPwXoPJNdAVN2rgBOo="},"indexInfo":{"baseKey":"BdVWk7koPxmSqcFVtS2BoOWFXfpvL/Lv/j7h2mm7sLRM","baseKeyType":1,"closed":-1,"used":1683098376814,"created":1683098376814,"remoteIdentityKey":"BTvpAgJdDeuMVif3S80JaHEQ170s3dHmqTP28QxZGTQZ"},"_chains":{"BTnpZHDqlrMe0nJd9z9fPZZjHpJEeGtx63qPf0N/8rkE":{"chainKey":{"counter":0,"key":"ZUWEOiI2pNuSPcpR/iKJwTQGIBu784gaJoQXG2uYh4s="},"chainType":1,"messageKeys":{}}},"pendingPreKey":{"signedKeyId":3,"baseKey":"BdVWk7koPxmSqcFVtS2BoOWFXfpvL/Lv/j7h2mm7sLRM","preKeyId":13258479}}},"version":"v1"}