{"_sessions":{"BaIB3Ylt+imfHWQ7oBddNnbQQLRcQg072ntcdLAX/aQh":{"registrationId":797618208,"currentRatchet":{"ephemeralKeyPair":{"pubKey":"BTA8n/+eDNSLsb7EpWE4FTU3fsyEPzLlceGfRIWwQWRS","privKey":"wISBTEvQMoLq7ckGAVUQoHvp8Snw6M5GTVcUmzePuHc="},"lastRemoteEphemeralKey":"BVhwsYe2YD3smTjighmnyUC0eSVYELKMwAiKGDTY4PIw","previousCounter":0,"rootKey":"xeYX2HvZKU5sCgNDatIE7R3bVYtTYMXZvd2t7zWhkMM="},"indexInfo":{"baseKey":"BaIB3Ylt+imfHWQ7oBddNnbQQLRcQg072ntcdLAX/aQh","baseKeyType":1,"closed":-1,"used":1683098376861,"created":1683098376861,"remoteIdentityKey":"BfMSSbZltS0BfyIBf0NMQjsRrR7r2Wriae6jtQS8Teo7"},"_chains":{"BTA8n/+eDNSLsb7EpWE4FTU3fsyEPzLlceGfRIWwQWRS":{"chainKey":{"counter":0,"key":"pNyBsuDMw0XfEDbgVQPgEjjOxaFbXpNoWFZff6vAM0Q="},"chainType":1,"messageKeys":{}}},"pendingPreKey":{"signedKeyId":2,"baseKey":"BaIB3Ylt+imfHWQ7oBddNnbQQLRcQg072ntcdLAX/aQh","preKeyId":11300135}}},"version":"v1"}