{"_sessions":{"BU1VGdrVz9v42r2FkrOeWi7PXAsR+Q89ULp9iI1hPk56":{"registrationId":1632459597,"currentRatchet":{"ephemeralKeyPair":{"pubKey":"BQA2AWFUnuu2urQLtVRIIr5TI3mVlLUrAEvQiBjnuFZr","privKey":"0Eg78376gaY//Fl4+Wg3fK+rRKEz9AZIeWzra6s9I3I="},"lastRemoteEphemeralKey":"BYSRJHQVgNwSHqmykJlOJfX49YPBoT5+uF7frjtvPrpp","previousCounter":0,"rootKey":"MdTsgOEq6DLWA1AVII9FgL45HLBdSBXVpyD1NAIKEzI="},"indexInfo":{"baseKey":"BU1VGdrVz9v42r2FkrOeWi7PXAsR+Q89ULp9iI1hPk56","baseKeyType":2,"closed":-1,"used":1683069094275,"created":1683069094275,"remoteIdentityKey":"BfvjAMWo7jiEJ4Ww/4mB/ad6bfmSBC3xWPyN25Q+DY5V"},"_chains":{"BYSRJHQVgNwSHqmykJlOJfX49YPBoT5+uF7frjtvPrpp":{"chainKey":{"counter":0,"key":"RkaCobl15vu3c55yYvtSUDKl2zRz5DcrNxqo8X+fPa8="},"chainType":2,"messageKeys":{}},"BQA2AWFUnuu2urQLtVRIIr5TI3mVlLUrAEvQiBjnuFZr":{"chainKey":{"counter":0,"key":"nmjvfCgKX9dOskBPDJ839S4Y2eL5GX7cXQ+eyWcZ6nA="},"chainType":1,"messageKeys":{}}}}},"version":"v1"}