{"_sessions":{"BWKpz6I/XjKzJy+xaRV5wUEx25JHxb9S5nEDTHCp+7En":{"registrationId":869321013,"currentRatchet":{"ephemeralKeyPair":{"pubKey":"BecixEyg51/4MpggSCKdqhCCP2+O1rDAqEZMIFP4ajJn","privKey":"2AYVlGHOaxOZywNqMAJmUIjNLR4G1ncdUm52+lcV40Y="},"lastRemoteEphemeralKey":"BQpCeO2yphdLkdOR4N0A2R616lnQ+gJIYGa6fFp2HLUl","previousCounter":0,"rootKey":"XLqDtYJ5NVF2JQ9kJBu2gEZaVJmIWWr7O+l23EedeUo="},"indexInfo":{"baseKey":"BWKpz6I/XjKzJy+xaRV5wUEx25JHxb9S5nEDTHCp+7En","baseKeyType":1,"closed":-1,"used":1683098376850,"created":1683098376850,"remoteIdentityKey":"Bc9sRyVWy3ZMVTMBQzsnNFWT5HvmICVMJ7ex9ci3aAgn"},"_chains":{"BecixEyg51/4MpggSCKdqhCCP2+O1rDAqEZMIFP4ajJn":{"chainKey":{"counter":0,"key":"lkwZvDBXsLgpaEY8njLj5i/1a0H3F4iJPJfF2F3FXWc="},"chainType":1,"messageKeys":{}}},"pendingPreKey":{"signedKeyId":6,"baseKey":"BWKpz6I/XjKzJy+xaRV5wUEx25JHxb9S5nEDTHCp+7En"}}},"version":"v1"}