{"_sessions":{"BZFpYMqTMsJ6QUEH4PAbwekJQYF9V537TDKaYYTTg5xu":{"registrationId":734037093,"currentRatchet":{"ephemeralKeyPair":{"pubKey":"BVFuyA2mWzpgG6OJZnizJZaxTb1SeL+wnTMAoTKtQNEC","privKey":"kGrikrg24/tctc4NWbA5ILc/MAs5P/stuQKsZPtW1Eg="},"lastRemoteEphemeralKey":"Bc3GVRa1B8m6VG1erszrYUTTSfHIuw+etY9Py6Mo89sL","previousCounter":0,"rootKey":"DUW0UtDjcjq0rA2NsTCGv2rwUdn8Xy2kSHwUhvfm0Js="},"indexInfo":{"baseKey":"BZFpYMqTMsJ6QUEH4PAbwekJQYF9V537TDKaYYTTg5xu","baseKeyType":1,"closed":-1,"used":1683098376790,"created":1683098376790,"remoteIdentityKey":"BeDbHzIF1tPn8vmOVDaxnlrVWzi7Pi9V26LcEm6cuusA"},"_chains":{"BVFuyA2mWzpgG6OJZnizJZaxTb1SeL+wnTMAoTKtQNEC":{"chainKey":{"counter":0,"key":"0VwOKld39nqTEMN8elSRIqFul1RTZUVIRf2rp5Bu5ZM="},"chainType":1,"messageKeys":{}}},"pendingPreKey":{"signedKeyId":1,"baseKey":"BZFpYMqTMsJ6QUEH4PAbwekJQYF9V537TDKaYYTTg5xu","preKeyId":14207715}}},"version":"v1"}