{"_sessions":{"Ba/uLJECPgaKD3BEhfJX5m463XOLIO/EAhVohBbUCfUd":{"registrationId":849847287,"currentRatchet":{"ephemeralKeyPair":{"pubKey":"BZZtuSaowMrXKsPzcHNATO7AkPPYKDDJVjtiCzX+UcBh","privKey":"2A74jY0wwzlTf6vnPS90Y5vaKojJCwA0z9VbpVK48EQ="},"lastRemoteEphemeralKey":"BeB7MZh9oxQmi9PHM0p4/6ZuOKmjTy7AjSHZFbALKFYp","previousCounter":0,"rootKey":"axnE5DawIGDWQoAehoD03Jlo1mRoJSqXTydb67TJVds="},"indexInfo":{"baseKey":"Ba/uLJECPgaKD3BEhfJX5m463XOLIO/EAhVohBbUCfUd","baseKeyType":1,"closed":-1,"used":1682943144184,"created":1682943144184,"remoteIdentityKey":"BboAxALC3OcWQopDq0GPtXKxWOafpPLtPNmJICBB6PF3"},"_chains":{"BZZtuSaowMrXKsPzcHNATO7AkPPYKDDJVjtiCzX+UcBh":{"chainKey":{"counter":16,"key":"Pb4TwHTa6l3qAlK19MsMLgtdSEUv2shP5Eei1jSNZOY="},"chainType":1,"messageKeys":{}}},"pendingPreKey":{"signedKeyId":21,"baseKey":"Ba/uLJECPgaKD3BEhfJX5m463XOLIO/EAhVohBbUCfUd","preKeyId":455500}}},"version":"v1"}