{"_sessions":{"Bb+7s153EcZ0aJ+W97qVv5cDoYecT7HZgg0H2OYjIK02":{"registrationId":1802506522,"currentRatchet":{"ephemeralKeyPair":{"pubKey":"Bc3S1OqFS0hxgMFe+/8AoChjQvWD6KMSbKQLBZoyTVsC","privKey":"8FGQw3yTx/NZgdyf7s1+R8i+7q+Io5NJ46ToNR/JC0s="},"lastRemoteEphemeralKey":"Bd3+7UEc19QGyY2oHLCWf8V4sXA4dpjVZqoyu5Fr5Zxa","previousCounter":0,"rootKey":"P8FL4LRdGDV7GuR196oXHmWOzZ7Mhd/Vf4/wHZ9ZJKQ="},"indexInfo":{"baseKey":"Bb+7s153EcZ0aJ+W97qVv5cDoYecT7HZgg0H2OYjIK02","baseKeyType":1,"closed":-1,"used":1682943144088,"created":1682943144088,"remoteIdentityKey":"BV/kPXtgWhnaiiZs/uMQ/7/ptGKgLwWUF2fsZPp1ry8h"},"_chains":{"Bc3S1OqFS0hxgMFe+/8AoChjQvWD6KMSbKQLBZoyTVsC":{"chainKey":{"counter":16,"key":"2Pvpl3KOrOG+hYDZSp9UH7KxR9XyNv/kunUeuU1yzwg="},"chainType":1,"messageKeys":{}}},"pendingPreKey":{"signedKeyId":35,"baseKey":"Bb+7s153EcZ0aJ+W97qVv5cDoYecT7HZgg0H2OYjIK02"}}},"version":"v1"}