{"_sessions":{"BSCujQntRZXRakfBtjzXO28bnjYSOojPW9Xbj7AnzFZ5":{"registrationId":113904676,"currentRatchet":{"ephemeralKeyPair":{"pubKey":"Bb4jHCC7FLkTYfOa4LRtOM2rVgeLOtKJQ4l99Vw9C2ET","privKey":"8JivV/0qJ8efAruu+jK4L34KXqsBcC1m9OLQVP7I22E="},"lastRemoteEphemeralKey":"Baa71lrxlwSZoRcXyH/4pKQV7cGXAKhB/kgZt5L1hyQp","previousCounter":0,"rootKey":"bmooRstd/GlgZe6dlGGwB4izc1Q2OTmEz+6RN9tf2HQ="},"indexInfo":{"baseKey":"BSCujQntRZXRakfBtjzXO28bnjYSOojPW9Xbj7AnzFZ5","baseKeyType":1,"closed":-1,"used":1683071575823,"created":1683071553628,"remoteIdentityKey":"BcnHn52h48RAQF9u72q/4FeO7HRQUZeL9KG/09B9n5QG"},"_chains":{"Baa71lrxlwSZoRcXyH/4pKQV7cGXAKhB/kgZt5L1hyQp":{"chainKey":{"counter":0,"key":"W+snL83cGIH4cpzSIr+gKC9jKOPL7F0R+R13Pk3WN8s="},"chainType":2,"messageKeys":{}},"Bb4jHCC7FLkTYfOa4LRtOM2rVgeLOtKJQ4l99Vw9C2ET":{"chainKey":{"counter":-1,"key":"Ryr7HSuvmJpdNhBvSmzCYXzL0xzlp+rbqMpHns14mkk="},"chainType":1,"messageKeys":{}}}}},"version":"v1"}