{"_sessions":{"BVqqbCp7myYJCUHNBEerXyJlYXi6pcEMUbwBe/cyiDBc":{"registrationId":235588003,"currentRatchet":{"ephemeralKeyPair":{"pubKey":"BewLKTtsKGOYnYN45Aprb2PrTwxnDHIaS6WxQuFppEMw","privKey":"QDyDXkYFvI2EsVhDA1EbwmRGkSSUdn5IDXzNt5U+iUA="},"lastRemoteEphemeralKey":"BYq5mtHpOyjNf5tlhWz0A6OS0MzAbo2/7cDTjK36RpY8","previousCounter":0,"rootKey":"26dnFw4JZXCVIH275u7bXWOwrQLOTO+M0lmUq4w0sko="},"indexInfo":{"baseKey":"BVqqbCp7myYJCUHNBEerXyJlYXi6pcEMUbwBe/cyiDBc","baseKeyType":1,"closed":-1,"used":1683098376897,"created":1683098376897,"remoteIdentityKey":"BV8XmvCk+5yY8jHu1v3rougQp7qsdn53mdvMbVUYhxsj"},"_chains":{"BewLKTtsKGOYnYN45Aprb2PrTwxnDHIaS6WxQuFppEMw":{"chainKey":{"counter":0,"key":"uILxn7Sn2Uhu+oXoRo75GW2KtYbKq8uMmMFVujXwnOs="},"chainType":1,"messageKeys":{}}},"pendingPreKey":{"signedKeyId":19,"baseKey":"BVqqbCp7myYJCUHNBEerXyJlYXi6pcEMUbwBe/cyiDBc","preKeyId":9474281}}},"version":"v1"}