{"_sessions":{"BbXT4q55oNle6gwOUY+nKJ/rEBx/qSrH46DOKDefN7AD":{"registrationId":1630120309,"currentRatchet":{"ephemeralKeyPair":{"pubKey":"BdxgLzChV78JJYCRaaTVSkwUHAMmRQDQwOzvo0ZnDYRi","privKey":"aE/qBMzcbGq/B5emO6CsZ4FU3WZ71TXNAZDa5xn8PGc="},"lastRemoteEphemeralKey":"BcRWf0/M4xrYZUpn+XqwZDu2qOeE5p3Kre2c7Ci21p4A","previousCounter":0,"rootKey":"COh6AjTlo3L196ifrosOZ8XTJwGfRwJ+WrvXeKMGNxc="},"indexInfo":{"baseKey":"BbXT4q55oNle6gwOUY+nKJ/rEBx/qSrH46DOKDefN7AD","baseKeyType":1,"closed":-1,"used":1683108325023,"created":1683108325023,"remoteIdentityKey":"BbAdeWPDhKxXpcs6yDX8etLLyuVqNs5kF6UfkICiP5Eo"},"_chains":{"BdxgLzChV78JJYCRaaTVSkwUHAMmRQDQwOzvo0ZnDYRi":{"chainKey":{"counter":1,"key":"8yhOH4jR8XVKf77e9QU4gLJMXP9cza4GFAshxNevsXo="},"chainType":1,"messageKeys":{}}},"pendingPreKey":{"signedKeyId":6,"baseKey":"BbXT4q55oNle6gwOUY+nKJ/rEBx/qSrH46DOKDefN7AD","preKeyId":2015672}}},"version":"v1"}