{"_sessions":{"BVmcwPEr3Tq9oqdSuMM+jEd/5Mr2KqrTWC9djp3E/bN/":{"registrationId":134527560,"currentRatchet":{"ephemeralKeyPair":{"pubKey":"BcE40MPyd/b+MZ7Go0yZ3CMhRnjct3xIDdGBJOkuK+QE","privKey":"gJ6WBzB1aX2DvKxakh0sf309v3rkIQepeIDFe0kFIng="},"lastRemoteEphemeralKey":"BUcsLcUQzlQ5FvhxXnu8nmkPyOsHitM1urFjZEG0cQxI","previousCounter":0,"rootKey":"RyIgbvkedfNf83c7ObpgN302GKN1k6R80uPAdoCgaWI="},"indexInfo":{"baseKey":"BVmcwPEr3Tq9oqdSuMM+jEd/5Mr2KqrTWC9djp3E/bN/","baseKeyType":1,"closed":-1,"used":1683098376804,"created":1683098376804,"remoteIdentityKey":"BQvEiwuFyyDNNLGliyKp92XfoCw+Q4Nw1IMTk9dngqUK"},"_chains":{"BcE40MPyd/b+MZ7Go0yZ3CMhRnjct3xIDdGBJOkuK+QE":{"chainKey":{"counter":0,"key":"qz1Ogz7QgVmNwsGl5gJtRGhCXbXNoew+AJuR1xYMtKY="},"chainType":1,"messageKeys":{}}},"pendingPreKey":{"signedKeyId":13,"baseKey":"BVmcwPEr3Tq9oqdSuMM+jEd/5Mr2KqrTWC9djp3E/bN/"}}},"version":"v1"}