{"_sessions":{"BQed6f3EeNjEUqVi5V/yQryaoH8i/e78lSzKr1R1RphG":{"registrationId":521296112,"currentRatchet":{"ephemeralKeyPair":{"pubKey":"BY1U7EpdyrDymocKxymd0IBWOOXLRlbxi8/ePCWPMDBu","privKey":"QLu3+8zaryp1tRejg9EVoj4iSrGjtKE1GQ8I08DyGVc="},"lastRemoteEphemeralKey":"BVuOc0cfkCq934EmB5Na58DNqnNu4vi046y6liHzuQZf","previousCounter":0,"rootKey":"eE1ldEaXUNMucDztzhkWsDyQFwNHdcPmJbQWut6LpaE="},"indexInfo":{"baseKey":"BQed6f3EeNjEUqVi5V/yQryaoH8i/e78lSzKr1R1RphG","baseKeyType":1,"closed":-1,"used":1682943144222,"created":1682943144222,"remoteIdentityKey":"BWpCIfZTpw+3/jEpAjyp++Uer30/lLnO14faf9G8oOBU"},"_chains":{"BY1U7EpdyrDymocKxymd0IBWOOXLRlbxi8/ePCWPMDBu":{"chainKey":{"counter":16,"key":"q6g8sIfeXp3MKOFxkpmbb8sEsjsdBNq7b6diaOgTO8Q="},"chainType":1,"messageKeys":{}}},"pendingPreKey":{"signedKeyId":7,"baseKey":"BQed6f3EeNjEUqVi5V/yQryaoH8i/e78lSzKr1R1RphG","preKeyId":3291403}}},"version":"v1"}