{"_sessions":{"BZ1oDpgGbywlh0L2aR6AkL82UiSF7jqnEDrvuj365/sD":{"registrationId":1619759808,"currentRatchet":{"ephemeralKeyPair":{"pubKey":"Bd5lZavPy5IXX4YW1AcQ3IzSoVZ4Ht32sJF3WC1uUmFQ","privKey":"UIKRRsKtJlu7xy/DMad6qd/hx+jKO9oAvbxxYTfupFg="},"lastRemoteEphemeralKey":"BURwcIjWF6qw9WlQjArBe8JmVtBSxT5ynnzeGAPXDBg8","previousCounter":0,"rootKey":"anuGIgVgAhvGHrgndd32szL6NsOcxC8j8NTKkVqxdJE="},"indexInfo":{"baseKey":"BZ1oDpgGbywlh0L2aR6AkL82UiSF7jqnEDrvuj365/sD","baseKeyType":1,"closed":-1,"used":1683097621337,"created":1683097621337,"remoteIdentityKey":"BV52HvdxQj1itTRYKxkhzmJEa/IMzOwk2F+muGoHwFkp"},"_chains":{"Bd5lZavPy5IXX4YW1AcQ3IzSoVZ4Ht32sJF3WC1uUmFQ":{"chainKey":{"counter":0,"key":"+lgrRfmtSc04fy0zPxCv9X9mktcwSZFGj14/5MsT6f0="},"chainType":1,"messageKeys":{}}},"pendingPreKey":{"signedKeyId":4,"baseKey":"BZ1oDpgGbywlh0L2aR6AkL82UiSF7jqnEDrvuj365/sD","preKeyId":12916487}}},"version":"v1"}