{"_sessions":{"Bf4pP31DAPYMr+zK2eHv/lRh/x2Gj54u2Yg31t7zlWoi":{"registrationId":135429458,"currentRatchet":{"ephemeralKeyPair":{"pubKey":"BZyV/9/m4whNAMIbSN9YiKhlAt9YW9Z7Wk7vgd133wJX","privKey":"2Oafh7wrHQkArCX1CeOjQVnOCXzQX5ovVWKeDryRln4="},"lastRemoteEphemeralKey":"BXqTE7d4MDWuzh1ZjKOnYTo5M29PVMWd9YzRu4VNkfk8","previousCounter":0,"rootKey":"GOE9eGqdbBR/+DEvgHEvsRuAXikh0J4qYnxvifmm3mQ="},"indexInfo":{"baseKey":"Bf4pP31DAPYMr+zK2eHv/lRh/x2Gj54u2Yg31t7zlWoi","baseKeyType":1,"closed":-1,"used":1683098376872,"created":1683098376872,"remoteIdentityKey":"BRkPPB8/tze5HSiJ0t8yUQKBi7O1H40vf6QoYsxzqHsB"},"_chains":{"BZyV/9/m4whNAMIbSN9YiKhlAt9YW9Z7Wk7vgd133wJX":{"chainKey":{"counter":0,"key":"/QTwuouaVBnAJZmC+BnYE7kEhjPAD7BdPUnLY9xmHwA="},"chainType":1,"messageKeys":{}}},"pendingPreKey":{"signedKeyId":4,"baseKey":"Bf4pP31DAPYMr+zK2eHv/lRh/x2Gj54u2Yg31t7zlWoi","preKeyId":8666908}}},"version":"v1"}