{"_sessions":{"BbYANMG2nBdW8kEf/KmEyG1Ro+gKVVT7y1BYmAxI5pYQ":{"registrationId":554416593,"currentRatchet":{"ephemeralKeyPair":{"pubKey":"BTM+XAO/EI6IUp97odzNc9SitpS6zpQD5rnnxwvKIoQU","privKey":"KDiI8dhOF5jGpmgXn58jAnYo8PLXsW0KWFz43NprI3A="},"lastRemoteEphemeralKey":"BTzxjFaaFmcDPPF+IgEBLV+rwlp+SlPQ2ajk8cIMlqZK","previousCounter":2,"rootKey":"+X0JqFnDlHmYmYDBJv1qyWEfmEhgN029aIkbLi1HXVY="},"indexInfo":{"baseKey":"BbYANMG2nBdW8kEf/KmEyG1Ro+gKVVT7y1BYmAxI5pYQ","baseKeyType":1,"closed":-1,"used":1682979223117,"created":1682943144079,"remoteIdentityKey":"BWWAUlCS2t1/BWYgPxJKol++r6zE8VHf48g32qlCaUUX"},"_chains":{"BZTo82QJ4eZsgNgn9FJJekT173j/m/hd/Bl8NmJFxhhE":{"chainKey":{"counter":0},"chainType":2,"messageKeys":{}},"BTzxjFaaFmcDPPF+IgEBLV+rwlp+SlPQ2ajk8cIMlqZK":{"chainKey":{"counter":0,"key":"ISaUAmLNAECkyMydXFVuzFUt61sZ4IZvnXn6UUJP4BA="},"chainType":2,"messageKeys":{}},"BTM+XAO/EI6IUp97odzNc9SitpS6zpQD5rnnxwvKIoQU":{"chainKey":{"counter":10,"key":"k0CoJLmhy0QxZlJWln5bYmBT64jKbvxsjdv9i9QSaUQ="},"chainType":1,"messageKeys":{}}}}},"version":"v1"}