{"_sessions":{"BT/2GYLQMzYM+U+l6mKyb4OkZmoO6KGSOdA6a/cdfbMU":{"registrationId":9183,"currentRatchet":{"ephemeralKeyPair":{"pubKey":"BZRDQt8uFplZQMJcaAQtMbgj7y3UqG6SO00BnoIyehhF","privKey":"uC5W62h0rlAL76UGmaTHuWCyRmnMwVQMXQeAoFHaPlw="},"lastRemoteEphemeralKey":"BaWBCg9XHtKZdIH8wXQM5RkvaVkYZqvU76YCws4fYIp2","previousCounter":0,"rootKey":"tBz0pKoCgxyN4MJvUWAFvDJq2TUsnpAAUKTbVVEWOUI="},"indexInfo":{"baseKey":"BT/2GYLQMzYM+U+l6mKyb4OkZmoO6KGSOdA6a/cdfbMU","baseKeyType":1,"closed":-1,"used":1682943144038,"created":1682943144038,"remoteIdentityKey":"BbzxUnHE4JJ1RHHmpPz3Ulm7LaT0k+obpLMzn+bB19ll"},"_chains":{"BZRDQt8uFplZQMJcaAQtMbgj7y3UqG6SO00BnoIyehhF":{"chainKey":{"counter":16,"key":"6ZKK4N7VzAhvTHuxGt0erHJgHtBYCqdWFbEuuzlwPAE="},"chainType":1,"messageKeys":{}}},"pendingPreKey":{"signedKeyId":3,"baseKey":"BT/2GYLQMzYM+U+l6mKyb4OkZmoO6KGSOdA6a/cdfbMU"}}},"version":"v1"}