{"_sessions":{"BVcxXyHBqdGfqvc4sgSY1Zgt2orcRxQU0PL+gE24vt8N":{"registrationId":1668562900,"currentRatchet":{"ephemeralKeyPair":{"pubKey":"Bfhoe/4zOfAdTc/5Nv/u+d5gdGX3GoVK1M2Hda6tsMxk","privKey":"yGx4PQ1eiJPMu+kVH/6QML+YBXeRKe6W4WiH9ZHpVlw="},"lastRemoteEphemeralKey":"BT36MxWO8LXTV2/MRWQKx4zAdFqJl5InxYmYzNeqbn8m","previousCounter":0,"rootKey":"os0BW/6g0Rwi1PcU45T0cVm6cZRXM01aGfE5+/y4OsM="},"indexInfo":{"baseKey":"BVcxXyHBqdGfqvc4sgSY1Zgt2orcRxQU0PL+gE24vt8N","baseKeyType":1,"closed":-1,"used":1682943144050,"created":1682943144050,"remoteIdentityKey":"BU4fa4pYKdIdH1siE5QN1hx2sHlS9pCtRrIfu1/drR4r"},"_chains":{"Bfhoe/4zOfAdTc/5Nv/u+d5gdGX3GoVK1M2Hda6tsMxk":{"chainKey":{"counter":16,"key":"XN6OMT5McVbi1lON0F8XDhaDR+ovkNzW/GJ3aIeaXhg="},"chainType":1,"messageKeys":{}}},"pendingPreKey":{"signedKeyId":17,"baseKey":"BVcxXyHBqdGfqvc4sgSY1Zgt2orcRxQU0PL+gE24vt8N","preKeyId":13481779}}},"version":"v1"}