{"_sessions":{"Bcs7DPnFakNpcFT8UCbTx7+ezngjoSYAOzQ7E4DE3Z8h":{"registrationId":268992442,"currentRatchet":{"ephemeralKeyPair":{"pubKey":"Bbwxrkh8DmZLRKgnGhRKz8aaA9QjzboACyWLGPv1k5Md","privKey":"wGOe42h1fJI+bUKVg8DuwnYAo3wSwsA+YH9STRbRGmQ="},"lastRemoteEphemeralKey":"BbU2p4h7iLG32WpOPaFDdoQ+joR7M1iRBrktL2fRXvUB","previousCounter":0,"rootKey":"NnS7D0sou/Ru3udkYFc/aim4josHe0x2TMBXkjua/oU="},"indexInfo":{"baseKey":"Bcs7DPnFakNpcFT8UCbTx7+ezngjoSYAOzQ7E4DE3Z8h","baseKeyType":1,"closed":-1,"used":1682943144219,"created":1682943144219,"remoteIdentityKey":"BemEgnIDBWR/PuvaHnYZ1EAEl59UtCBB/MNTR2MkyugY"},"_chains":{"Bbwxrkh8DmZLRKgnGhRKz8aaA9QjzboACyWLGPv1k5Md":{"chainKey":{"counter":16,"key":"FMGYbA5fcQApSiZYyVxDI7QbFPvlD6CtdhKjEycT/98="},"chainType":1,"messageKeys":{}}},"pendingPreKey":{"signedKeyId":0,"baseKey":"Bcs7DPnFakNpcFT8UCbTx7+ezngjoSYAOzQ7E4DE3Z8h"}}},"version":"v1"}