{"_sessions":{"BYMqFpfeiFZlNMBaW/abihCx+J6O3Gxl622juIPoIL8Y":{"registrationId":581251381,"currentRatchet":{"ephemeralKeyPair":{"pubKey":"BTZdVX0rmkK6Mxm7DL9D91VJ7tw1bXRULPoJ1BaiD+UQ","privKey":"6K4miYHYtlUL4CmlT0dMa1uzZIgn9nGEgrH7ZtVvN3g="},"lastRemoteEphemeralKey":"BS49i25AB87PSVgjSvrpaOwVPurFWS+TyJTx/PJLZyJu","previousCounter":0,"rootKey":"2CoK0XdkQn1nZ1iRWX2EFsAO0rOAqTZtEA6CNVPfm6M="},"indexInfo":{"baseKey":"BYMqFpfeiFZlNMBaW/abihCx+J6O3Gxl622juIPoIL8Y","baseKeyType":1,"closed":-1,"used":1682943144125,"created":1682943144125,"remoteIdentityKey":"BQdIi6NONKQXUDah8CMmOi2P1jG2Vu378/gNPz9/Ni57"},"_chains":{"BTZdVX0rmkK6Mxm7DL9D91VJ7tw1bXRULPoJ1BaiD+UQ":{"chainKey":{"counter":15,"key":"haChArKf9ctvNnuXpCLv09C2p/6P7O+pJJYSTt+MzCM="},"chainType":1,"messageKeys":{}}},"pendingPreKey":{"signedKeyId":3,"baseKey":"BYMqFpfeiFZlNMBaW/abihCx+J6O3Gxl622juIPoIL8Y","preKeyId":12994299}}},"version":"v1"}