{"_sessions":{"BajQvAdt+HYqlZXEJ4xefz+f2M6bConlSy5xEbZV4Uob":{"registrationId":56773426,"currentRatchet":{"ephemeralKeyPair":{"pubKey":"BYPuy5J9eJvWp+Bq+OHvdMqk++UvLwWmsmxeIwXVwswJ","privKey":"+JWNXvctrYLHriIfJ81cOv3uPqbB5tCQexqua2Ok2nI="},"lastRemoteEphemeralKey":"BaunfEr6ufPb0yjOn8OBmzs6XaMTTo0psK69aNhHpjlA","previousCounter":0,"rootKey":"l7ABhUhbSIVD6ylnaVtCloramihmNyCaWreKfJw7dY4="},"indexInfo":{"baseKey":"BajQvAdt+HYqlZXEJ4xefz+f2M6bConlSy5xEbZV4Uob","baseKeyType":1,"closed":-1,"used":1682943144165,"created":1682943144165,"remoteIdentityKey":"BaYnrfUzL1HFcoR5U9ZJsqCQRtY/r7o+SeduVgdRGlwW"},"_chains":{"BYPuy5J9eJvWp+Bq+OHvdMqk++UvLwWmsmxeIwXVwswJ":{"chainKey":{"counter":16,"key":"+h932Ci6GchG1Wp0iKQSdAGPmd7/1EJDUxqENK6ShTM="},"chainType":1,"messageKeys":{}}},"pendingPreKey":{"signedKeyId":13,"baseKey":"BajQvAdt+HYqlZXEJ4xefz+f2M6bConlSy5xEbZV4Uob","preKeyId":2909950}}},"version":"v1"}