{"_sessions":{"BdHtGsEb8fmM01pt7SzqudDC2ARKqrQPQaok4iC55up5":{"registrationId":1374272688,"currentRatchet":{"ephemeralKeyPair":{"pubKey":"BckAL5xp6N2RYDK402xLpQR26jQC58iYwW9iQzpUmOk+","privKey":"+AV/tya0o+7c8BkrFLXuUfUsho+PDrm2NGj+u//pskU="},"lastRemoteEphemeralKey":"BfiP6ILdNlkqpcBLG0YzI1xdhtlywci+Ei/RwpVGAx4M","previousCounter":0,"rootKey":"gmRxWlGA+DLGUHXu1057MEyMVjtgb8B9oi8yGNjYXyU="},"indexInfo":{"baseKey":"BdHtGsEb8fmM01pt7SzqudDC2ARKqrQPQaok4iC55up5","baseKeyType":1,"closed":-1,"used":1683098376728,"created":1683098376728,"remoteIdentityKey":"BblommYVzrHqVIBsl+8gibDgZ2aE/nBNZE1MptyfC1J9"},"_chains":{"BckAL5xp6N2RYDK402xLpQR26jQC58iYwW9iQzpUmOk+":{"chainKey":{"counter":0,"key":"kiqSC6zqSoPct8gEphR8EmhJIl5UgongN64+RPpFzKM="},"chainType":1,"messageKeys":{}}},"pendingPreKey":{"signedKeyId":13,"baseKey":"BdHtGsEb8fmM01pt7SzqudDC2ARKqrQPQaok4iC55up5","preKeyId":10392781}}},"version":"v1"}