{"_sessions":{"BWQfbEsDtGVXLuKA+YCNRnwJLgHF9i8+DDJg1uTGnqlv":{"registrationId":799871763,"currentRatchet":{"ephemeralKeyPair":{"pubKey":"BXwB/DggSXUZJq9yXAKqXtpYSZv1033odVwL+JD5O2E8","privKey":"YMWU0X+bfEl1bKwXW1XZRtPqK+9Yh42f6cCLXJfu/l0="},"lastRemoteEphemeralKey":"BfI6i5u+v55rb24+ce+EnsjnIycDyzUbUL6JFVIqBCc1","previousCounter":0,"rootKey":"gU+NKJsRa4m5A7HGDwEXcCkFKhpLwoLHYiwhkY+NP9Q="},"indexInfo":{"baseKey":"BWQfbEsDtGVXLuKA+YCNRnwJLgHF9i8+DDJg1uTGnqlv","baseKeyType":1,"closed":-1,"used":1683098376749,"created":1683098376749,"remoteIdentityKey":"Ba9HMwvOwERLzcaTrRmcjfZHV/uMI3/TtA4GM0+VE+d1"},"_chains":{"BXwB/DggSXUZJq9yXAKqXtpYSZv1033odVwL+JD5O2E8":{"chainKey":{"counter":0,"key":"CO3b9BYvxwvRgGtcCwxVN9Jy2o9KbMI/7mN36zfBmPg="},"chainType":1,"messageKeys":{}}},"pendingPreKey":{"signedKeyId":3,"baseKey":"BWQfbEsDtGVXLuKA+YCNRnwJLgHF9i8+DDJg1uTGnqlv","preKeyId":4060977}}},"version":"v1"}