{"_sessions":{"BcMhM2P441FFgEPK7wENb0LUEx5cdb7w0jYw5WiGKtov":{"registrationId":1604125276,"currentRatchet":{"ephemeralKeyPair":{"pubKey":"BXEXASO7Yk94FP05fuxo5BngVEwLjaDnx7sHgxc44cl7","privKey":"KCnJOtMJK3EuVLFZA/Q2yFjVQqAguMQIrvEC1LQXYlQ="},"lastRemoteEphemeralKey":"BV8Pet3QWLI+/7KQ7ziYMVJ7yKo5saGg8aYACxmCIVQP","previousCounter":0,"rootKey":"461VXqn15gB0UYinf7ogffKCCyD/LrgGbvQ+sYW57Cg="},"indexInfo":{"baseKey":"BcMhM2P441FFgEPK7wENb0LUEx5cdb7w0jYw5WiGKtov","baseKeyType":1,"closed":-1,"used":1683098376866,"created":1683098376866,"remoteIdentityKey":"BcWNES0OEwVtSdR+OMAVJLXOnnQB3JVjmf7H871dwv1P"},"_chains":{"BXEXASO7Yk94FP05fuxo5BngVEwLjaDnx7sHgxc44cl7":{"chainKey":{"counter":0,"key":"P+tzZTRpSEJI/LDdimm+ILdURltdLJjuykHlx0sG1WQ="},"chainType":1,"messageKeys":{}}},"pendingPreKey":{"signedKeyId":9,"baseKey":"BcMhM2P441FFgEPK7wENb0LUEx5cdb7w0jYw5WiGKtov","preKeyId":3768383}}},"version":"v1"}