{"_sessions":{"BbgcuZbMgsrJrHZH2Qiuidp0JSXZGYoj1CwovbjvP/4+":{"registrationId":233244997,"currentRatchet":{"ephemeralKeyPair":{"pubKey":"BdSebnHlT3cOyltQJ7gQJYUQsMeaQhqz5jomdKBtUM4p","privKey":"oKlUrmJLrNJsCBjhPDrw+CG/mVk97ZWgRa6ceJ8Qq3Q="},"lastRemoteEphemeralKey":"Bfv0j+Ud40/d/RrSSipv1y0j1rMAH3XOjEMckL2wrj51","previousCounter":0,"rootKey":"hIjYoCRPm2xF/4tDW5Vr8W593Ye0ldsPz7v7VQ9CcwA="},"indexInfo":{"baseKey":"BbgcuZbMgsrJrHZH2Qiuidp0JSXZGYoj1CwovbjvP/4+","baseKeyType":1,"closed":-1,"used":1682943144054,"created":1682943144054,"remoteIdentityKey":"BQOvwYG7qUxKVm5KHIhbQp0CIiEgiWuIl1aG9VE9aeQt"},"_chains":{"BdSebnHlT3cOyltQJ7gQJYUQsMeaQhqz5jomdKBtUM4p":{"chainKey":{"counter":16,"key":"dtY7zlTGEtJiYgZQsPUbew43lOc8bmKA1WrEoHIvGgA="},"chainType":1,"messageKeys":{}}},"pendingPreKey":{"signedKeyId":0,"baseKey":"BbgcuZbMgsrJrHZH2Qiuidp0JSXZGYoj1CwovbjvP/4+"}}},"version":"v1"}