{"_sessions":{"BeZR4YC2MAS7CmL75uljHrjxNVQlFZfCEA3cyzav+/0A":{"registrationId":14535106,"currentRatchet":{"ephemeralKeyPair":{"pubKey":"BXcymCtifSLdzSTlejafsJYaDNqqtxVARpmZWQxb4H97","privKey":"OP9GSNIbPjScTosX7J1gCScVtQQPCEHFgkdb2wTcxnU="},"lastRemoteEphemeralKey":"BauxanO4ilSNH+3CZAtIT3i9K+ppkPNKprLoKIHfXp4Q","previousCounter":0,"rootKey":"BZZiuDmXSLe9jH4HUQO3tETYeqZJ2/r7MhMUFJntg3Y="},"indexInfo":{"baseKey":"BeZR4YC2MAS7CmL75uljHrjxNVQlFZfCEA3cyzav+/0A","baseKeyType":1,"closed":-1,"used":1682943144116,"created":1682943144116,"remoteIdentityKey":"BS/D6696JDJzsh1dNnrl6sZPSIabDVrtSrtN/pw+YtkH"},"_chains":{"BXcymCtifSLdzSTlejafsJYaDNqqtxVARpmZWQxb4H97":{"chainKey":{"counter":16,"key":"77Ysan9O8vfcdnweHTS2CD6VllHTAnf7Hbevs4fd6r4="},"chainType":1,"messageKeys":{}}},"pendingPreKey":{"signedKeyId":4,"baseKey":"BeZR4YC2MAS7CmL75uljHrjxNVQlFZfCEA3cyzav+/0A","preKeyId":12855764}}},"version":"v1"}