{"_sessions":{"BSSBiHLM3gX940GthZAE6GR4gJyhVyFiwD5bxGWy6JoV":{"registrationId":1456383934,"currentRatchet":{"ephemeralKeyPair":{"pubKey":"BZqsALOqtCTRRlh8yPQEWciCGX+7UOgAUpL5enawxUdK","privKey":"ACCmen5YSLqGHCInLv9mSbjsFKq7Ff4K1TyQPy99jFE="},"lastRemoteEphemeralKey":"Baij3UplNhKbLo9N7pS95FWZEvrPMWzlq/leC15ZqKM6","previousCounter":0,"rootKey":"PdhQKU6FKVM7ANm0QC8ypB+2bOWWcujel6uczpJtwHM="},"indexInfo":{"baseKey":"BSSBiHLM3gX940GthZAE6GR4gJyhVyFiwD5bxGWy6JoV","baseKeyType":1,"closed":-1,"used":1683098376882,"created":1683098376882,"remoteIdentityKey":"BeEt8FWNGfC7OSq++F1ZSbwlmfpQhRFCDSEtU1YksUda"},"_chains":{"BZqsALOqtCTRRlh8yPQEWciCGX+7UOgAUpL5enawxUdK":{"chainKey":{"counter":0,"key":"wrnIW6hDUO0nPzhup0IXQkedPZkG9XJcQnp2ogkD6S8="},"chainType":1,"messageKeys":{}}},"pendingPreKey":{"signedKeyId":13,"baseKey":"BSSBiHLM3gX940GthZAE6GR4gJyhVyFiwD5bxGWy6JoV","preKeyId":13613630}}},"version":"v1"}