{"_sessions":{"BdFA7yei86BF5kUcynzJn63I53u+KFj64toLq77Csgpd":{"registrationId":1975852834,"currentRatchet":{"ephemeralKeyPair":{"pubKey":"BauJAwgO8HVyQbDgKnAAIKOP5FLIGF9xwSia5lFlCuJ1","privKey":"IFN25GfJbxaE1T164FKmEuH2KZds0aoMzWaujbliDXo="},"lastRemoteEphemeralKey":"BZcSkO3a531S4IzWdKTO/S0lhKUdJXRyt7Gp9HROXw92","previousCounter":3,"rootKey":"3whHkD6Krh/eAmXhhaSNi5436YXR0Y5a8kBLptd638Y="},"indexInfo":{"baseKey":"BdFA7yei86BF5kUcynzJn63I53u+KFj64toLq77Csgpd","baseKeyType":1,"closed":-1,"used":1683031316286,"created":1682943144176,"remoteIdentityKey":"Bd41uu1z8NXtCJa3k2zeZbTPJGMUKCvwBcm4Afn26UBV"},"_chains":{"BYhiAPwXy2FQj+/TA0PG0ma1w2pksv+n9xgJRPtZg6ha":{"chainKey":{"counter":0},"chainType":2,"messageKeys":{}},"BZcSkO3a531S4IzWdKTO/S0lhKUdJXRyt7Gp9HROXw92":{"chainKey":{"counter":0,"key":"kqwR9XK2ti/DurOgtTEYb0jqNK3iIywVqJle5nxi7KM="},"chainType":2,"messageKeys":{}},"BauJAwgO8HVyQbDgKnAAIKOP5FLIGF9xwSia5lFlCuJ1":{"chainKey":{"counter":4,"key":"lB6/cgCKktcA/7bcqqGY9CvnCiQdwwXNdFxnXXyRQSI="},"chainType":1,"messageKeys":{}}}}},"version":"v1"}