{"_sessions":{"BcPbvXS6sc3mZLU4O+aHZz6Y1jEiEC4VeR57wFr08OU4":{"registrationId":4903,"currentRatchet":{"ephemeralKeyPair":{"pubKey":"BXl186zT1FVpTTucM4uFtHLE0oYAgp4ueWEhWcuDdOAl","privKey":"uCgXTkNVCu74+pRaZapQ5DTZ0Y6+368rhzb9olWw+Vk="},"lastRemoteEphemeralKey":"BSKm6eSXbco8MmTBrYkQALkWgPb4apjdvZ4+IN3UQQtT","previousCounter":0,"rootKey":"L6x4QopCiXjy6rZO5Qbg2xcO2XKdbeGL8fV9XsIw0V4="},"indexInfo":{"baseKey":"BcPbvXS6sc3mZLU4O+aHZz6Y1jEiEC4VeR57wFr08OU4","baseKeyType":1,"closed":1683032902481,"used":1683031314578,"created":1683031314578,"remoteIdentityKey":"BchNAlx/kB7KWz3pEoCT8jp4CKRqUx0fPzXI5hmCQDA9"},"_chains":{"BXl186zT1FVpTTucM4uFtHLE0oYAgp4ueWEhWcuDdOAl":{"chainKey":{"counter":1,"key":"ZZCtl3B2ioXAyaFgYrw0r/8+ultaKSC4arlLIa5yYE8="},"chainType":1,"messageKeys":{}}},"pendingPreKey":{"signedKeyId":1,"baseKey":"BcPbvXS6sc3mZLU4O+aHZz6Y1jEiEC4VeR57wFr08OU4","preKeyId":103}},"BQzjUCusRaSwsqyvuEaU06ZmH2mnGlUsfRZ1DwB1yahc":{"registrationId":4903,"currentRatchet":{"ephemeralKeyPair":{"pubKey":"BWvs3izBQpK/xP10xuNkPs2eMp1ZYLhJgktdyZoVpasb","privKey":"EArJQrxRoFvGIRzu1wcw56iBohE2+hKhFcDgVfyth1g="},"lastRemoteEphemeralKey":"BSKm6eSXbco8MmTBrYkQALkWgPb4apjdvZ4+IN3UQQtT","previousCounter":0,"rootKey":"QhUiB0RUzrofBK+lIAhVV5o+GaFneaXPaG665b/c3ZQ="},"indexInfo":{"baseKey":"BQzjUCusRaSwsqyvuEaU06ZmH2mnGlUsfRZ1DwB1yahc","baseKeyType":1,"closed":-1,"used":1683032902476,"created":1683032902476,"remoteIdentityKey":"BchNAlx/kB7KWz3pEoCT8jp4CKRqUx0fPzXI5hmCQDA9"},"_chains":{"BWvs3izBQpK/xP10xuNkPs2eMp1ZYLhJgktdyZoVpasb":{"chainKey":{"counter":3,"key":"WTJDUMqPOEMIG3mTkxAaost4pg55kT0Ahf0x+RV/cf4="},"chainType":1,"messageKeys":{}}},"pendingPreKey":{"signedKeyId":1,"baseKey":"BQzjUCusRaSwsqyvuEaU06ZmH2mnGlUsfRZ1DwB1yahc","preKeyId":161}}},"version":"v1"}