{"_sessions":{"BQKluicCr0pdbUQwv6lbJeGZ9+asq7LKKJOYDGztCuA8":{"registrationId":36352835,"currentRatchet":{"ephemeralKeyPair":{"pubKey":"BXz4Hxw+9IN2oc+cKb23okFd6UhdGluj2DA+30P0eJ5p","privKey":"2GVghMX4WRja+pO8X+JLLGYwm2ImiX0596iaSNM8DGo="},"lastRemoteEphemeralKey":"BaQ0xfgMqSW1XAII947KzGmqd9EFDBxxlfzXJXIsA5tg","previousCounter":0,"rootKey":"wtIoWOMniOQfMsYNEvGS+9WxmFMs/+/hLGZYS89xCeo="},"indexInfo":{"baseKey":"BQKluicCr0pdbUQwv6lbJeGZ9+asq7LKKJOYDGztCuA8","baseKeyType":1,"closed":-1,"used":1682943144136,"created":1682943144136,"remoteIdentityKey":"BcExC4ij5QmoE0wgDH7xQDbTP8chC4TiOUFYrSBvfP1z"},"_chains":{"BXz4Hxw+9IN2oc+cKb23okFd6UhdGluj2DA+30P0eJ5p":{"chainKey":{"counter":16,"key":"py+0ZSwARK0IzzKjnc2dqYC7WFTRxx8rv6yZqT3mOfo="},"chainType":1,"messageKeys":{}}},"pendingPreKey":{"signedKeyId":16,"baseKey":"BQKluicCr0pdbUQwv6lbJeGZ9+asq7LKKJOYDGztCuA8","preKeyId":16060844}}},"version":"v1"}