{"_sessions":{"BXyXkkeKxVwCvdklziS/NCLwPEEVgf69uIFsHRDwuJId":{"registrationId":1746077335,"currentRatchet":{"ephemeralKeyPair":{"pubKey":"BaIhAMiWSgKqHCqPIa4Hrd/jHt66wdKEca+f5Eeq/8Rw","privKey":"CFPFoK5a3IsPbCe8YEJB+CcI9IM9tMojouBKW7oLT0s="},"lastRemoteEphemeralKey":"Bd5uhYEQb3kLEdB1gedvTOwkqepJu406Zou4yyTJnFJc","previousCounter":0,"rootKey":"zf71GfzT9LLd8/TJZ2g77mpypR6UKO5W+VqAcbrZ9JA="},"indexInfo":{"baseKey":"BXyXkkeKxVwCvdklziS/NCLwPEEVgf69uIFsHRDwuJId","baseKeyType":1,"closed":-1,"used":1682943144083,"created":1682943144083,"remoteIdentityKey":"BWoxSP1zhazC85zUUFWGgF/7LyG+Dp+ZkFBNsWM0sJtH"},"_chains":{"BaIhAMiWSgKqHCqPIa4Hrd/jHt66wdKEca+f5Eeq/8Rw":{"chainKey":{"counter":16,"key":"YiOTv8fpJd4M5ouDHTMmuig+BsCOiILKTUBncW3FCeY="},"chainType":1,"messageKeys":{}}},"pendingPreKey":{"signedKeyId":0,"baseKey":"BXyXkkeKxVwCvdklziS/NCLwPEEVgf69uIFsHRDwuJId","preKeyId":5529916}}},"version":"v1"}