{"_sessions":{"BbdcGrhDyu0K0/sXcJxxoGRlVYMDIgHSc5KRHKN8m6hs":{"registrationId":169930248,"currentRatchet":{"ephemeralKeyPair":{"pubKey":"BTUZ3pmN7Q9QW3rdCWZtL1Ep9SXMfPeHFW5lA9N5xIdk","privKey":"QP0p4zU9XT0m0YJboDwpp5vIF15NcYhGop/NpF9YO1I="},"lastRemoteEphemeralKey":"BdKwxZWLJUwWI7EVOVJiLJSizDuEm2ecxBenp/LnONdm","previousCounter":0,"rootKey":"9IgIZ0H+ZeC60XOoRYqJBpoou4rn6NKDcsK6UnReqZE="},"indexInfo":{"baseKey":"BbdcGrhDyu0K0/sXcJxxoGRlVYMDIgHSc5KRHKN8m6hs","baseKeyType":1,"closed":-1,"used":1683098376767,"created":1683098376767,"remoteIdentityKey":"BQYjQEgLpdsZtdBjG1aJm9O0Qp7uyFP9CZhNK7tXjZct"},"_chains":{"BTUZ3pmN7Q9QW3rdCWZtL1Ep9SXMfPeHFW5lA9N5xIdk":{"chainKey":{"counter":0,"key":"GrKjr7ebS4jIzQaZ7r9ZBKJkmQoaNZGeiL9JEOlUU5E="},"chainType":1,"messageKeys":{}}},"pendingPreKey":{"signedKeyId":0,"baseKey":"BbdcGrhDyu0K0/sXcJxxoGRlVYMDIgHSc5KRHKN8m6hs","preKeyId":9292840}}},"version":"v1"}