{"_sessions":{"BZLwqvvF7jCXlCBltfbBjXYFBiIVuWFaTNbZnplGTtsd":{"registrationId":215758150,"currentRatchet":{"ephemeralKeyPair":{"pubKey":"BQQfxwFq8zVOqCY0IX/C/tWhSolEiZd+xo2FUHGq6IYM","privKey":"gO8irVyovp6anGQtapu1VrbEtrLy/KFRv0Uz/4ddbFs="},"lastRemoteEphemeralKey":"BUhNp0VF/r0htNtykZzIKjuINY8n1nZbUx+zxYh6DJ8u","previousCounter":0,"rootKey":"Hskww0f0EfEJqP1rvB8RRwahhIHndjXpN4EcOEcnt2M="},"indexInfo":{"baseKey":"BZLwqvvF7jCXlCBltfbBjXYFBiIVuWFaTNbZnplGTtsd","baseKeyType":1,"closed":-1,"used":1683098376851,"created":1683098376851,"remoteIdentityKey":"BWGMs8CmCQ/hfXsUCoCGYzGgEWcxuKpzJUGdExosCP56"},"_chains":{"BQQfxwFq8zVOqCY0IX/C/tWhSolEiZd+xo2FUHGq6IYM":{"chainKey":{"counter":0,"key":"mL2SXUFhxz9KyQpxgqeCgzmfIf5CbefQCS7Bzm7pt3Q="},"chainType":1,"messageKeys":{}}},"pendingPreKey":{"signedKeyId":0,"baseKey":"BZLwqvvF7jCXlCBltfbBjXYFBiIVuWFaTNbZnplGTtsd","preKeyId":2296272}}},"version":"v1"}