{"_sessions":{"BYGP9e2juisT1vGvrH2+i3PKLvPr78DODl71tz5CfvJQ":{"registrationId":1579602313,"currentRatchet":{"ephemeralKeyPair":{"pubKey":"BX6CPCkqDzP1fwArLUthzf8m0Xl1sYnRKCXztjm0O98B","privKey":"IA8QEzNQ6FFDkW5Ar08Job7X94/xw+doQ+ReEYLEaHc="},"lastRemoteEphemeralKey":"BeO2Ax3U8G2gxB0LKE8RqSQe/DpDPEKSByxlb4lp1Qpj","previousCounter":0,"rootKey":"c1TcNIF6TKHTBHKg8y1SelqoC+cBJqtJkMkmjAkOGU8="},"indexInfo":{"baseKey":"BYGP9e2juisT1vGvrH2+i3PKLvPr78DODl71tz5CfvJQ","baseKeyType":1,"closed":1682999130986,"used":1682943144198,"created":1682943144198,"remoteIdentityKey":"BVdCTx3QFsGikijl5U1PYkEtBcJMq+sMk17m9zoBD4cg"},"_chains":{"BX6CPCkqDzP1fwArLUthzf8m0Xl1sYnRKCXztjm0O98B":{"chainKey":{"counter":7,"key":"sQrVQbJdRHv8JrFmkpe77RMRdtV2mN7Hy0CXjwNBcp4="},"chainType":1,"messageKeys":{}}},"pendingPreKey":{"signedKeyId":0,"baseKey":"BYGP9e2juisT1vGvrH2+i3PKLvPr78DODl71tz5CfvJQ","preKeyId":3515009}},"Be/Ebaxecin/2fmH3eo9w8qPPGmebKtj33Psh5Ivg5wB":{"registrationId":1998660207,"currentRatchet":{"ephemeralKeyPair":{"pubKey":"Bc4Q5O1R/VTG11R1nOp92vc/Wz+H+ck/+sG2JTNEIC8k","privKey":"iA9AfSrMoKKrUkfpix5fo23L5HMJKDSpbvfZuNS7FWU="},"lastRemoteEphemeralKey":"Bf7WVISOASd23UOeVhZ0JUxhvXM0c0VfSKK0h+V3vmJ/","previousCounter":0,"rootKey":"zNFIUALljWRGyLvQc8c7ppK7MUv4eguPJCRVhqxfmPA="},"indexInfo":{"baseKey":"Be/Ebaxecin/2fmH3eo9w8qPPGmebKtj33Psh5Ivg5wB","baseKeyType":1,"closed":1682999131267,"used":1682999130981,"created":1682999130981,"remoteIdentityKey":"BSoi9rw97dIX6yr1wnl4SpoqCTMVaVepaW0F2PeoMiVb"},"_chains":{"Bc4Q5O1R/VTG11R1nOp92vc/Wz+H+ck/+sG2JTNEIC8k":{"chainKey":{"counter":-1,"key":"3vJZQDAKg56KgOs+6n4isDmBBOVJRIVyIBJsJVMrisQ="},"chainType":1,"messageKeys":{}}},"pendingPreKey":{"signedKeyId":0,"baseKey":"Be/Ebaxecin/2fmH3eo9w8qPPGmebKtj33Psh5Ivg5wB"}},"BQTkcHlrwL5yi47DGxyXPIeTUUzNIGu1h3o46ZrshPgN":{"registrationId":1998660207,"currentRatchet":{"ephemeralKeyPair":{"pubKey":"Be/ahRkWkJJCZgtbKS8mUpw7plG8uOSaQDEw11gwprUC","privKey":"uO4U2FLHnj7b+7YBgZX58CxfkNFRsufGOcQwAkDsGnc="},"lastRemoteEphemeralKey":"Bf7WVISOASd23UOeVhZ0JUxhvXM0c0VfSKK0h+V3vmJ/","previousCounter":0,"rootKey":"wcjqSF+dBCgaD5bOBu5vJ2yrK7fK8yBtFqm32wdmthU="},"indexInfo":{"baseKey":"BQTkcHlrwL5yi47DGxyXPIeTUUzNIGu1h3o46ZrshPgN","baseKeyType":1,"closed":1682999131576,"used":1682999131265,"created":1682999131265,"remoteIdentityKey":"BSoi9rw97dIX6yr1wnl4SpoqCTMVaVepaW0F2PeoMiVb"},"_chains":{"Be/ahRkWkJJCZgtbKS8mUpw7plG8uOSaQDEw11gwprUC":{"chainKey":{"counter":-1,"key":"KOjox3rnzuLqwdqqA1rkUMccr9J0HaUs5Kz6Vof2g38="},"chainType":1,"messageKeys":{}}},"pendingPreKey":{"signedKeyId":0,"baseKey":"BQTkcHlrwL5yi47DGxyXPIeTUUzNIGu1h3o46ZrshPgN"}},"BY95AmfLk64wbXe/94VzFUotzsOt2vSYcxhPE5ij/Zl2":{"registrationId":1998660207,"currentRatchet":{"ephemeralKeyPair":{"pubKey":"BZC/AeIckv2RNDXxJkRhXkEhE4O1kOLCMsHU6KgtRHB5","privKey":"eHHkLT+Wf6KBuzSOa0vEoaOaOpio3jEc3907Jc/rJEY="},"lastRemoteEphemeralKey":"Bf7WVISOASd23UOeVhZ0JUxhvXM0c0VfSKK0h+V3vmJ/","previousCounter":0,"rootKey":"8OE2LBMa9JGACKEgjXS5DkCXLz54QrBZgiIkKXo8qMY="},"indexInfo":{"baseKey":"BY95AmfLk64wbXe/94VzFUotzsOt2vSYcxhPE5ij/Zl2","baseKeyType":1,"closed":1682999131845,"used":1682999131574,"created":1682999131574,"remoteIdentityKey":"BSoi9rw97dIX6yr1wnl4SpoqCTMVaVepaW0F2PeoMiVb"},"_chains":{"BZC/AeIckv2RNDXxJkRhXkEhE4O1kOLCMsHU6KgtRHB5":{"chainKey":{"counter":-1,"key":"EshSAuflM+vXXTYTOt73s+phyjz/8jPs1MVvaIQ4yp8="},"chainType":1,"messageKeys":{}}},"pendingPreKey":{"signedKeyId":0,"baseKey":"BY95AmfLk64wbXe/94VzFUotzsOt2vSYcxhPE5ij/Zl2"}},"BTKVcUDEISrPvLxev3oWkrBx7YhJPEqvTHYKbwwpnO4Y":{"registrationId":1998660207,"currentRatchet":{"ephemeralKeyPair":{"pubKey":"BW++kmn9C8aJtvKbtXNaQPODp6Bn5KyyQcqFtCgM28Zc","privKey":"+OP2TIxuXCq9DNfKA0A0X+SCAr3zGx2B9hM39HoXq0E="},"lastRemoteEphemeralKey":"Bf7WVISOASd23UOeVhZ0JUxhvXM0c0VfSKK0h+V3vmJ/","previousCounter":0,"rootKey":"U3qDF24bgZQrUB+ruph4qybACPwBjJ4NhC4IUOaoSAU="},"indexInfo":{"baseKey":"BTKVcUDEISrPvLxev3oWkrBx7YhJPEqvTHYKbwwpnO4Y","baseKeyType":1,"closed":1682999132131,"used":1682999131843,"created":1682999131843,"remoteIdentityKey":"BSoi9rw97dIX6yr1wnl4SpoqCTMVaVepaW0F2PeoMiVb"},"_chains":{"BW++kmn9C8aJtvKbtXNaQPODp6Bn5KyyQcqFtCgM28Zc":{"chainKey":{"counter":-1,"key":"tN4QnOATHsbWYerYAhBeyiN4xx510m/RLsQOZs+ejF0="},"chainType":1,"messageKeys":{}}},"pendingPreKey":{"signedKeyId":0,"baseKey":"BTKVcUDEISrPvLxev3oWkrBx7YhJPEqvTHYKbwwpnO4Y"}},"BfdWusn3CwJTVfijEWILGZwARhjFXpltnDstY1OI88Rg":{"registrationId":1998660207,"currentRatchet":{"ephemeralKeyPair":{"pubKey":"BRGMsGYDOM7suwwrFW6RVqTwpmc9g+wxr0hDoLEBe6Fe","privKey":"yNlUx3CR86ZvbG+yJCR3clQgzo8Cnz0ZuzfPxwXqn3I="},"lastRemoteEphemeralKey":"Bf7WVISOASd23UOeVhZ0JUxhvXM0c0VfSKK0h+V3vmJ/","previousCounter":0,"rootKey":"N6WlDksb7ByxEYvZ1qwlwglSE1xyWFNWdDwVoTnSlIk="},"indexInfo":{"baseKey":"BfdWusn3CwJTVfijEWILGZwARhjFXpltnDstY1OI88Rg","baseKeyType":1,"closed":1682999132452,"used":1682999132129,"created":1682999132129,"remoteIdentityKey":"BSoi9rw97dIX6yr1wnl4SpoqCTMVaVepaW0F2PeoMiVb"},"_chains":{"BRGMsGYDOM7suwwrFW6RVqTwpmc9g+wxr0hDoLEBe6Fe":{"chainKey":{"counter":-1,"key":"mXnpz7x81hMdDp3WPquB/kXCAW/FtSMACEenckiMclw="},"chainType":1,"messageKeys":{}}},"pendingPreKey":{"signedKeyId":0,"baseKey":"BfdWusn3CwJTVfijEWILGZwARhjFXpltnDstY1OI88Rg"}},"BbJsAI2P6xt2vmWmSnPrKS9rvxNfJYviNheTyP/ot7gT":{"registrationId":1998660207,"currentRatchet":{"ephemeralKeyPair":{"pubKey":"BWCIoBYh6w6t5P4wzx9LpM5x/14XX4EEkTY8OB6fh1lr","privKey":"yOtigavhpA2OYVNR2bnmp5BoDVBXC78q7PgaMCkzGWY="},"lastRemoteEphemeralKey":"Bf7WVISOASd23UOeVhZ0JUxhvXM0c0VfSKK0h+V3vmJ/","previousCounter":0,"rootKey":"BlUePt/kGGGCwMb6isVyK4ebEmyZGyPLzDtyxV/Bdq4="},"indexInfo":{"baseKey":"BbJsAI2P6xt2vmWmSnPrKS9rvxNfJYviNheTyP/ot7gT","baseKeyType":1,"closed":1682999132755,"used":1682999132448,"created":1682999132448,"remoteIdentityKey":"BSoi9rw97dIX6yr1wnl4SpoqCTMVaVepaW0F2PeoMiVb"},"_chains":{"BWCIoBYh6w6t5P4wzx9LpM5x/14XX4EEkTY8OB6fh1lr":{"chainKey":{"counter":-1,"key":"KqsQrscW4cmxB5kwrkdcMUVOtsmwcKDP7A1qhlOGGik="},"chainType":1,"messageKeys":{}}},"pendingPreKey":{"signedKeyId":0,"baseKey":"BbJsAI2P6xt2vmWmSnPrKS9rvxNfJYviNheTyP/ot7gT"}},"BR+yc9D19cFB7EvRj2ib6RGVlHITMlYFKGjp3OuDGAlt":{"registrationId":1998660207,"currentRatchet":{"ephemeralKeyPair":{"pubKey":"BeJhysSoTrZZJkuDgYv8sW6wooiKYOvk00NfA+37MRs5","privKey":"iLG2otpwEWtEZ1RnchbnmWr7BTi713tp0W+7knKxy1I="},"lastRemoteEphemeralKey":"Bf7WVISOASd23UOeVhZ0JUxhvXM0c0VfSKK0h+V3vmJ/","previousCounter":0,"rootKey":"FBeMwxRK2aDp+Il3zv62FMwQiqqOnTE++tWAUELRJHs="},"indexInfo":{"baseKey":"BR+yc9D19cFB7EvRj2ib6RGVlHITMlYFKGjp3OuDGAlt","baseKeyType":1,"closed":1682999133173,"used":1682999132751,"created":1682999132751,"remoteIdentityKey":"BSoi9rw97dIX6yr1wnl4SpoqCTMVaVepaW0F2PeoMiVb"},"_chains":{"BeJhysSoTrZZJkuDgYv8sW6wooiKYOvk00NfA+37MRs5":{"chainKey":{"counter":-1,"key":"mp/SrKH7THiD11lgkjVCOzDKfVvfx+08pbho9vkmg5s="},"chainType":1,"messageKeys":{}}},"pendingPreKey":{"signedKeyId":0,"baseKey":"BR+yc9D19cFB7EvRj2ib6RGVlHITMlYFKGjp3OuDGAlt"}},"BbYOWo4rPf1aO0mlPA47/LegAqhvWniu1gUUuZodx3FP":{"registrationId":1998660207,"currentRatchet":{"ephemeralKeyPair":{"pubKey":"BT8vMmPxvA/2aqAzGz3ryB8QRrLEspYtNGw48Y14iqYV","privKey":"wIY09zCnxTMOuKNvCRWBmWspg3sUMrtIx5IrRpWRwWc="},"lastRemoteEphemeralKey":"Bf7WVISOASd23UOeVhZ0JUxhvXM0c0VfSKK0h+V3vmJ/","previousCounter":0,"rootKey":"Sby7QOAb4IbHe7KDwpj0xGTJ7NEojW1l1HeQL1PGJh4="},"indexInfo":{"baseKey":"BbYOWo4rPf1aO0mlPA47/LegAqhvWniu1gUUuZodx3FP","baseKeyType":1,"closed":1682999133471,"used":1682999133169,"created":1682999133169,"remoteIdentityKey":"BSoi9rw97dIX6yr1wnl4SpoqCTMVaVepaW0F2PeoMiVb"},"_chains":{"BT8vMmPxvA/2aqAzGz3ryB8QRrLEspYtNGw48Y14iqYV":{"chainKey":{"counter":-1,"key":"9lHXxL4HiVagReZ/agnk7WsMESwF2uP4KONV9Pg6GWw="},"chainType":1,"messageKeys":{}}},"pendingPreKey":{"signedKeyId":0,"baseKey":"BbYOWo4rPf1aO0mlPA47/LegAqhvWniu1gUUuZodx3FP"}},"Bck7jdPPIf9bnTRol5CGjGkjfmGqjscXh2+GYkZ7Hdx2":{"registrationId":1998660207,"currentRatchet":{"ephemeralKeyPair":{"pubKey":"BRa4aeJVQLUjS4V7nSeg+22xF887uvJgdY2abfnLVfNI","privKey":"MJkgOSsIKt+4juexxcsDSFbDRW3k27gix+JLMmLkilc="},"lastRemoteEphemeralKey":"Bf7WVISOASd23UOeVhZ0JUxhvXM0c0VfSKK0h+V3vmJ/","previousCounter":0,"rootKey":"jj+Hw4Zrp1ferh2C9/QIWJ62rHWCGY57OpxP2AVFDIM="},"indexInfo":{"baseKey":"Bck7jdPPIf9bnTRol5CGjGkjfmGqjscXh2+GYkZ7Hdx2","baseKeyType":1,"closed":1682999133767,"used":1682999133468,"created":1682999133468,"remoteIdentityKey":"BSoi9rw97dIX6yr1wnl4SpoqCTMVaVepaW0F2PeoMiVb"},"_chains":{"BRa4aeJVQLUjS4V7nSeg+22xF887uvJgdY2abfnLVfNI":{"chainKey":{"counter":-1,"key":"vwwXm2hgmDdK1yzDL7qZlhih8LaJdxjpkwyw6vYfoj4="},"chainType":1,"messageKeys":{}}},"pendingPreKey":{"signedKeyId":0,"baseKey":"Bck7jdPPIf9bnTRol5CGjGkjfmGqjscXh2+GYkZ7Hdx2"}},"BVPb2YZvDbcs1o0LRi3vnalULJpKptW0bWJPhs211Vwh":{"registrationId":1998660207,"currentRatchet":{"ephemeralKeyPair":{"pubKey":"Bc3/mzIZPu/Vl6fcwWbukg+TJ+yj/uWzd23HEU9inYxy","privKey":"2BR7Yu2VUO5F7EKOHEQ38yD+RJaFmvIY0qgKZ/JhdlY="},"lastRemoteEphemeralKey":"Bf7WVISOASd23UOeVhZ0JUxhvXM0c0VfSKK0h+V3vmJ/","previousCounter":0,"rootKey":"kgYIpUGL4+Dx4qjXqPmShIdtu3uKK1DKS0dUUdyt7t8="},"indexInfo":{"baseKey":"BVPb2YZvDbcs1o0LRi3vnalULJpKptW0bWJPhs211Vwh","baseKeyType":1,"closed":1682999134084,"used":1682999133764,"created":1682999133764,"remoteIdentityKey":"BSoi9rw97dIX6yr1wnl4SpoqCTMVaVepaW0F2PeoMiVb"},"_chains":{"Bc3/mzIZPu/Vl6fcwWbukg+TJ+yj/uWzd23HEU9inYxy":{"chainKey":{"counter":-1,"key":"0ZRDRF6/fs4ySHmDeQ7cCMiFX/IgAn82oS6cbYwmHW0="},"chainType":1,"messageKeys":{}}},"pendingPreKey":{"signedKeyId":0,"baseKey":"BVPb2YZvDbcs1o0LRi3vnalULJpKptW0bWJPhs211Vwh"}},"BVDCJ+SHDoh26WyjH0xViWoTiLxsKMJYIhqROC4MNs0A":{"registrationId":1998660207,"currentRatchet":{"ephemeralKeyPair":{"pubKey":"BYb1JaErxIPNV7H2DPqGVs/KHNpUEd+0CU1dt0bH5Wod","privKey":"ILgyAm66Jyt2aDMfYoI60GvSZms6Z5h8ugW2SLnvZmw="},"lastRemoteEphemeralKey":"Bf7WVISOASd23UOeVhZ0JUxhvXM0c0VfSKK0h+V3vmJ/","previousCounter":0,"rootKey":"QRuhCBWH0I87d1Pm2uOUVQlfRqvFKERW3spxN0w+GuE="},"indexInfo":{"baseKey":"BVDCJ+SHDoh26WyjH0xViWoTiLxsKMJYIhqROC4MNs0A","baseKeyType":1,"closed":1682999134421,"used":1682999134080,"created":1682999134080,"remoteIdentityKey":"BSoi9rw97dIX6yr1wnl4SpoqCTMVaVepaW0F2PeoMiVb"},"_chains":{"BYb1JaErxIPNV7H2DPqGVs/KHNpUEd+0CU1dt0bH5Wod":{"chainKey":{"counter":-1,"key":"lR7BWYsxGRaHzwVXmCvfH5HrgQFpCmuaS9DS57CyUeE="},"chainType":1,"messageKeys":{}}},"pendingPreKey":{"signedKeyId":0,"baseKey":"BVDCJ+SHDoh26WyjH0xViWoTiLxsKMJYIhqROC4MNs0A"}},"BcAljt0A06n2NmGrLS97BzMk+MxieVqhBFTOOPj1SscZ":{"registrationId":1998660207,"currentRatchet":{"ephemeralKeyPair":{"pubKey":"BbR2osU1Oh0vLoaEC5xxYKnzX06ImrafSiyDJNeL2K5i","privKey":"wPVzYLFJmiOczFhT3s4sDFoQz/n0mLoL3BFgjc35LX0="},"lastRemoteEphemeralKey":"Bf7WVISOASd23UOeVhZ0JUxhvXM0c0VfSKK0h+V3vmJ/","previousCounter":0,"rootKey":"UAFEJDxg6Qv83fHx9HsdW7eVTrW4lt64RA/oX1qozAI="},"indexInfo":{"baseKey":"BcAljt0A06n2NmGrLS97BzMk+MxieVqhBFTOOPj1SscZ","baseKeyType":1,"closed":-1,"used":1682999134418,"created":1682999134418,"remoteIdentityKey":"BSoi9rw97dIX6yr1wnl4SpoqCTMVaVepaW0F2PeoMiVb"},"_chains":{"BbR2osU1Oh0vLoaEC5xxYKnzX06ImrafSiyDJNeL2K5i":{"chainKey":{"counter":8,"key":"B1GfxEJ6vktGAjZrQf7pa7ufEH71iOByd03ck961n/Q="},"chainType":1,"messageKeys":{}}},"pendingPreKey":{"signedKeyId":0,"baseKey":"BcAljt0A06n2NmGrLS97BzMk+MxieVqhBFTOOPj1SscZ"}}},"version":"v1"}