{"_sessions":{"BYBfMnBD2siEizzaQ9y0H6fT5hBlqizo7rSq+kRdIV8L":{"registrationId":458267993,"currentRatchet":{"ephemeralKeyPair":{"pubKey":"BWyLck2MvmaREevmXs+9cpF4qonElZufVvEIGHy3KrEd","privKey":"eNyCeAAcT/+hzIY6V9koXLUgR04+zvcR2PSA4YEOnEw="},"lastRemoteEphemeralKey":"BdyfwsbiAB1YgtkCaUBxr4UpcDsQlYq3PBrZsuN6K/Rd","previousCounter":0,"rootKey":"3fU+AdeoYvSKBNNRWhHDakfZM5kBisuH48gU3rh6jbI="},"indexInfo":{"baseKey":"BYBfMnBD2siEizzaQ9y0H6fT5hBlqizo7rSq+kRdIV8L","baseKeyType":1,"closed":-1,"used":1683098454419,"created":1683098376754,"remoteIdentityKey":"Betr1TAL1OWZBr9gsQXgttzRfoka3/r9sTIg9KuFVVpB"},"_chains":{"BdyfwsbiAB1YgtkCaUBxr4UpcDsQlYq3PBrZsuN6K/Rd":{"chainKey":{"counter":1,"key":"hjVSS0EF0pT4FV9Aecap1OnqNDncA9+XwGjblgsVI50="},"chainType":2,"messageKeys":{}},"BWyLck2MvmaREevmXs+9cpF4qonElZufVvEIGHy3KrEd":{"chainKey":{"counter":-1,"key":"5VjaYCdsuQSisRe0yUAUwBTTgmF5wGzVkCo2xlqxIkM="},"chainType":1,"messageKeys":{}}}}},"version":"v1"}