{"_sessions":{"BSeGU+KSPZG3XtQbNWqPqYI9qd2DqQjugwx+wbvaXxcY":{"registrationId":149,"currentRatchet":{"ephemeralKeyPair":{"pubKey":"BexF8QgjWo4xUaQHT8O88aucPsJBFKkdPBWyTv0ralkK","privKey":"KAlhmn8Q9IOkhnXhHXIld5eeOpIm3r+85a2QJh3pdWo="},"lastRemoteEphemeralKey":"BeKWy6cRnVsJXm7PBPNp9tHNqc0qnnsVlS5o9mMyp4EN","previousCounter":0,"rootKey":"nZyFvl5HGI4A38tOvdiaLt8k9xkHXJC7K5yNtQ7mlL0="},"indexInfo":{"baseKey":"BSeGU+KSPZG3XtQbNWqPqYI9qd2DqQjugwx+wbvaXxcY","baseKeyType":2,"closed":1683031713728,"used":1683031313661,"created":1683031313661,"remoteIdentityKey":"BYgvW1KciIdTUbZFuKsvZ6uSUIDxMDZrJm7nU2pO0u5L"},"_chains":{"BeKWy6cRnVsJXm7PBPNp9tHNqc0qnnsVlS5o9mMyp4EN":{"chainKey":{"counter":0,"key":"ifedzl/5v6RYkGC6ESJIkVuidIN1XsAa+KTfELQYqBc="},"chainType":2,"messageKeys":{}},"BexF8QgjWo4xUaQHT8O88aucPsJBFKkdPBWyTv0ralkK":{"chainKey":{"counter":0,"key":"Bcrr/MHRQhNbHYG88p+rP1kmX773zN/toc5wd82POMc="},"chainType":1,"messageKeys":{}}}},"BXmL/GwVgHFc/RW55hRLmnD0gsJuNJ06GmxfEMSQiRYF":{"registrationId":149,"currentRatchet":{"ephemeralKeyPair":{"pubKey":"BYL86eTjWQT6lv4HRhfEOd4o4TNO7+uzQEllYwSo4d4P","privKey":"eBsJLwoIuvcwnej29M1nTkttToVxFg6sLn6XIhPlwU0="},"lastRemoteEphemeralKey":"BZroy08Jo7jqlACTKJMtQXjQ23K1nnCAuKt5EeyimEBo","previousCounter":0,"rootKey":"k6Zi0+7XPTifjjXJFjn1BUdDgUWmpFuXl8KJTsi8EN4="},"indexInfo":{"baseKey":"BXmL/GwVgHFc/RW55hRLmnD0gsJuNJ06GmxfEMSQiRYF","baseKeyType":1,"closed":1683031717116,"used":1683031713722,"created":1683031713722,"remoteIdentityKey":"BYgvW1KciIdTUbZFuKsvZ6uSUIDxMDZrJm7nU2pO0u5L"},"_chains":{"BYL86eTjWQT6lv4HRhfEOd4o4TNO7+uzQEllYwSo4d4P":{"chainKey":{"counter":-1,"key":"tjtZ2MBCaErlfVNYn3QucmoL0oM8Etkik4ppAWp9p+I="},"chainType":1,"messageKeys":{}}},"pendingPreKey":{"signedKeyId":1,"baseKey":"BXmL/GwVgHFc/RW55hRLmnD0gsJuNJ06GmxfEMSQiRYF","preKeyId":345}},"Ba14NWaKbBWgrsxOXEYFzn24/GM3FY+ncCSfoVmpwHVT":{"registrationId":149,"currentRatchet":{"ephemeralKeyPair":{"pubKey":"BU75E27jsq5eD0lYFjGoaV54+VTch8JIbcHtt/vRD9NF","privKey":"uFowDoZV1MR0kbdPcay11ccmG0W1e/SOsxFXAFl2JGg="},"lastRemoteEphemeralKey":"BZroy08Jo7jqlACTKJMtQXjQ23K1nnCAuKt5EeyimEBo","previousCounter":0,"rootKey":"DZL4pLXOBsUr+XjcTrdEj15mNKDBML9PUkNzEVBS9Ow="},"indexInfo":{"baseKey":"Ba14NWaKbBWgrsxOXEYFzn24/GM3FY+ncCSfoVmpwHVT","baseKeyType":1,"closed":1683031720379,"used":1683031717111,"created":1683031717111,"remoteIdentityKey":"BYgvW1KciIdTUbZFuKsvZ6uSUIDxMDZrJm7nU2pO0u5L"},"_chains":{"BU75E27jsq5eD0lYFjGoaV54+VTch8JIbcHtt/vRD9NF":{"chainKey":{"counter":-1,"key":"SOwKZGQ4VkstPI84UMoYCdIx235Ej20UD9mUYFlH/bs="},"chainType":1,"messageKeys":{}}},"pendingPreKey":{"signedKeyId":1,"baseKey":"Ba14NWaKbBWgrsxOXEYFzn24/GM3FY+ncCSfoVmpwHVT","preKeyId":329}},"BRDD7FvgV+mVi8onb2blZavoktzZr9fgCK0TETK5zrg6":{"registrationId":149,"currentRatchet":{"ephemeralKeyPair":{"pubKey":"BbapUeBSCX9jbxEqPR3S8Mlck4kVQ9NnMl6FG5PxeSlo","privKey":"iJKID3fFKPwtH94ST2pULTKE0X6WCy5XBLu/hlXck2c="},"lastRemoteEphemeralKey":"BZroy08Jo7jqlACTKJMtQXjQ23K1nnCAuKt5EeyimEBo","previousCounter":0,"rootKey":"cccy/6JuDCMVeTNuT6XJOTCtzrN9dLI+Kbpg9iuLDnQ="},"indexInfo":{"baseKey":"BRDD7FvgV+mVi8onb2blZavoktzZr9fgCK0TETK5zrg6","baseKeyType":1,"closed":1683031721169,"used":1683031720376,"created":1683031720376,"remoteIdentityKey":"BYgvW1KciIdTUbZFuKsvZ6uSUIDxMDZrJm7nU2pO0u5L"},"_chains":{"BbapUeBSCX9jbxEqPR3S8Mlck4kVQ9NnMl6FG5PxeSlo":{"chainKey":{"counter":-1,"key":"xktU9RAJJCMBOGCyyoTjvQpBYO70qBSyeyx67hxkUT8="},"chainType":1,"messageKeys":{}}},"pendingPreKey":{"signedKeyId":1,"baseKey":"BRDD7FvgV+mVi8onb2blZavoktzZr9fgCK0TETK5zrg6","preKeyId":349}},"BdB4E1aYcepkZTmLjdVeQapZD/wu/ETBdayubLkd/8tV":{"registrationId":149,"currentRatchet":{"ephemeralKeyPair":{"pubKey":"BVAxD+zceO84iLQ9VKv24kY/8v/lsDon1ylhK14hMBhC","privKey":"MO9Xl2/txrRdBv52U0E8+OLwiE6ChpeyUtkMnlpAfmE="},"lastRemoteEphemeralKey":"BQCwm1cw9r9ndZF9UKEy/6u7xPCuoTaUxIdXvS/OjBMd","previousCounter":1,"rootKey":"+e5XnTfgcyoERPh2G7MzqgsRVam9hJn5GSAD/C4IqLo="},"indexInfo":{"baseKey":"BdB4E1aYcepkZTmLjdVeQapZD/wu/ETBdayubLkd/8tV","baseKeyType":1,"closed":1683094935674,"used":1683094932527,"created":1683031721166,"remoteIdentityKey":"BYgvW1KciIdTUbZFuKsvZ6uSUIDxMDZrJm7nU2pO0u5L"},"_chains":{"BR4pC/T/3JC4yW6rgAqxXMhGbdYRIuJ8TlcXJBJ7G382":{"chainKey":{"counter":9},"chainType":2,"messageKeys":{}},"BRAK+UvpH491A5J4lg1rtmOo4rMM4gXIPlaZLb3maTYd":{"chainKey":{"counter":11},"chainType":2,"messageKeys":{}},"BQCwm1cw9r9ndZF9UKEy/6u7xPCuoTaUxIdXvS/OjBMd":{"chainKey":{"counter":0,"key":"FnAFRekNkmYvXrZwqZ8ymB1DNZMn5TfIsEOwRki46/I="},"chainType":2,"messageKeys":{}},"BVAxD+zceO84iLQ9VKv24kY/8v/lsDon1ylhK14hMBhC":{"chainKey":{"counter":-1,"key":"LqZOXD/CxWnxP5v+qUsCiCqzouErC0c0IqEm18WlHmM="},"chainType":1,"messageKeys":{}}}},"BbbsTvtpIUQ4wrk3Llo7KJDHNQOVT3KAdwN2AK1WQvgg":{"registrationId":149,"currentRatchet":{"ephemeralKeyPair":{"pubKey":"BeXyNkANTvcysky+v+9cmEZSZCP7qbAu1UC2TLcz9SE1","privKey":"MKwZGUWmLXel6QjWjcXZPJOlWTH09i64b9pAsBuGF1U="},"lastRemoteEphemeralKey":"BRgZ/0+pZIpSvPYalYD8Mg9F0D29LOpxlXTDfbRPRLQP","previousCounter":0,"rootKey":"0L4RD7aMRGdWkY+vnzla8ha0Q5RBsNx/fKMBFn5N4RU="},"indexInfo":{"baseKey":"BbbsTvtpIUQ4wrk3Llo7KJDHNQOVT3KAdwN2AK1WQvgg","baseKeyType":2,"closed":-1,"used":1683094935680,"created":1683094935680,"remoteIdentityKey":"BYgvW1KciIdTUbZFuKsvZ6uSUIDxMDZrJm7nU2pO0u5L"},"_chains":{"BRgZ/0+pZIpSvPYalYD8Mg9F0D29LOpxlXTDfbRPRLQP":{"chainKey":{"counter":7,"key":"3KBqfhCBpO4ugS4ryUWN+nAf1aHL3slVkoN66JbvlWQ="},"chainType":2,"messageKeys":{}},"BeXyNkANTvcysky+v+9cmEZSZCP7qbAu1UC2TLcz9SE1":{"chainKey":{"counter":0,"key":"7hjuA7HauZihRLgAZgqUN/zimiVLWqf5BGvTiSwEUqk="},"chainType":1,"messageKeys":{}}}}},"version":"v1"}