{"_sessions":{"BZXulu/7yKqj2IC6ilNWn7/Ote8Ze+h1T9YJYNVphLgp":{"registrationId":2038790898,"currentRatchet":{"ephemeralKeyPair":{"pubKey":"BdU17bPHEGNfEDVd/VQe1kpjypK46vuQZemr+0uiKsMW","privKey":"8EJ1aZaTipCV6pYBedvpT6s1itBKpw+d8k2FwxeeElc="},"lastRemoteEphemeralKey":"BUKzxe+97MX7vKCZ/8d6x01k2eRQ+7RRGF7JpNWNQLxv","previousCounter":0,"rootKey":"QbQ8F4er/Rn3orLSmwVWA0jhkfkuipc+SX5MzhU2quY="},"indexInfo":{"baseKey":"BZXulu/7yKqj2IC6ilNWn7/Ote8Ze+h1T9YJYNVphLgp","baseKeyType":1,"closed":-1,"used":1683108402726,"created":1683107885447,"remoteIdentityKey":"BeAlBm3diLT37zhI1acEcdG3KQJxuwPY2flXxfLcwug0"},"_chains":{"BUKzxe+97MX7vKCZ/8d6x01k2eRQ+7RRGF7JpNWNQLxv":{"chainKey":{"counter":0,"key":"GzxXGdDdA9jeCnETTlR1Oxw7cUZFDw1ea1HNdeF4cJY="},"chainType":2,"messageKeys":{}},"BdU17bPHEGNfEDVd/VQe1kpjypK46vuQZemr+0uiKsMW":{"chainKey":{"counter":-1,"key":"wOelLnElY7vUpeIF3HvNBOcAiamSSxEG+oGULThnYdU="},"chainType":1,"messageKeys":{}}}}},"version":"v1"}