{"_sessions":{"BXwDL4FqHG3zCDHqSohOV/1yBDH9rUAAJ5bvxkHxWotX":{"registrationId":9037,"currentRatchet":{"ephemeralKeyPair":{"pubKey":"BY/r60hlPWeP50o1cp9maDb8if4OICLH34lSKMPtEQFY","privKey":"OBhXne7cE2dDRyUb2OlPU+wxOy7YAN5FM1wNqUbzjXk="},"lastRemoteEphemeralKey":"BeUE4haYOWXwklomsU0+CSbkuvQZlFTW5OGpd7X1+L9s","previousCounter":0,"rootKey":"QnWr1kuRUr+TvH5mmBq43CGLKTsQUz3Uml4vtlfnTDY="},"indexInfo":{"baseKey":"BXwDL4FqHG3zCDHqSohOV/1yBDH9rUAAJ5bvxkHxWotX","baseKeyType":1,"closed":-1,"used":1682943144034,"created":1682943144034,"remoteIdentityKey":"BQaJYn2tZh6uGjVPWAxs24PXQ95sTKVsf6eD0FSbnhp2"},"_chains":{"BY/r60hlPWeP50o1cp9maDb8if4OICLH34lSKMPtEQFY":{"chainKey":{"counter":16,"key":"f8V4XOQ8jJ3Iebmn3yxUKeWwOmCrpF4GEe9y1SBq8fM="},"chainType":1,"messageKeys":{}}},"pendingPreKey":{"signedKeyId":2,"baseKey":"BXwDL4FqHG3zCDHqSohOV/1yBDH9rUAAJ5bvxkHxWotX"}}},"version":"v1"}