[
    {
        "from": "6281233649676-1631582034@g.us",
        "offline": false,
        "antilink": false,
        "badword": false,
        "antidelete": false,
        "detect": false,
        "viewOnce": false,
        "nsfw": false,
        "leveling": false,
        "welcome": {
            "status": true,
            "add": "*Welcome To FORUM 𝙸𝚕𝚑𝚊𝚖-𝙼𝙳 乂 𝙰𝚕𝚕 𝙾𝚝𝚑𝚎𝚛𝚜 𝙱𝚘𝚝*\n\nRead the terms kid :v\nDenying = kick\n\n*RULES:*\n• Do not spam bot !\n• 18+ Content is probihited\n• Archive / mute group if annoying\n• JB is probihited\n• Disable auto download if annoying :v\n• Do not share group links / virus\n• Dead group ? Tag admin\n\nLINK GROUP:\ns.id/allbot\n\nRest Api?\n1. https://api.lannn.me\n2. https://sh.xznsenpai.xyz \n\nRun BOT\n1. panel.botcahx.live\n\nSC BOT?\n1. https://github.com/Restaa/newbot\n2. https://github.com/KilluaBot 😎\n3. https://github.com/DikaArdnt/Hisoka-Morou\n\n🙏🏻Please be Polite🙏🏻",
            "remove": "Leave From My Group"
        }
    },
    {
        "from": "6281380674817-1634785883@g.us",
        "offline": false,
        "antilink": false,
        "badword": false,
        "antidelete": false,
        "detect": false,
        "viewOnce": false,
        "nsfw": false,
        "leveling": false,
        "welcome": {
            "status": false,
            "add": "Welcome To My Group",
            "remove": "Leave From My Group"
        }
    },
    {
        "from": "120363140859012940@g.us",
        "offline": false,
        "antilink": false,
        "badword": false,
        "antidelete": false,
        "detect": false,
        "viewOnce": false,
        "nsfw": false,
        "leveling": false,
        "welcome": {
            "status": true,
            "add": "kontol",
            "remove": "Leave From My Group"
        }
    },
    {
        "from": "120363146789335062@g.us",
        "offline": false,
        "antilink": false,
        "badword": false,
        "antidelete": false,
        "detect": false,
        "viewOnce": false,
        "nsfw": false,
        "leveling": false,
        "welcome": {
            "status": true,
            "add": "Welcome To My Group",
            "remove": "Leave From My Group"
        }
    },
    {
        "from": "120363134066958650@g.us",
        "offline": false,
        "antilink": false,
        "badword": false,
        "antidelete": true,
        "detect": false,
        "viewOnce": false,
        "nsfw": false,
        "leveling": false,
        "welcome": {
            "status": false,
            "add": "Welcome To My Group",
            "remove": "Leave From My Group"
        }
    }
]