[
    {
        "id": "6281998147932@s.whatsapp.net",
        "verified": false,
        "name": "iyah banh",
        "time": "01/05 18:48:32",
        "limit": 0,
        "limitgame": 0,
        "balance": 0,
        "premium": true,
        "xp": 0,
        "level": 0
    },
    {
        "id": "6287819654911@s.whatsapp.net",
        "verified": false,
        "name": "Dfxz",
        "time": "01/05 18:52:08",
        "limit": 999,
        "limitgame": 999,
        "balance": 999e+999,
        "premium": true,
        "xp": 0,
        "level": 999
    },
    {
        "id": "6283199346269@s.whatsapp.net",
        "verified": false,
        "name": ".",
        "time": "01/05 18:56:34",
        "limit": 0,
        "limitgame": 0,
        "balance": 0,
        "premium": true,
        "xp": 0,
        "level": 0
    },
    {
        "id": "6281233649676@s.whatsapp.net",
        "verified": false,
        "name": "this.Ilham_",
        "time": "01/05 19:01:04",
        "limit": 4,
        "limitgame": 0,
        "balance": 0,
        "premium": true,
        "xp": 0,
        "level": 0
    },
    {
        "id": "6285879466965@s.whatsapp.net",
        "verified": false,
        "name": "꧁Nevz꧂",
        "time": "01/05 19:08:41",
        "limit": 0,
        "limitgame": 0,
        "balance": 0,
        "premium": true,
        "xp": 0,
        "level": 0
    },
    {
        "id": "6282347495707@s.whatsapp.net",
        "verified": false,
        "name": "🏀19",
        "time": "01/05 19:08:41",
        "limit": 0,
        "limitgame": 0,
        "balance": 0,
        "premium": true,
        "xp": 0,
        "level": 0
    },
    {
        "id": "6285869173325@s.whatsapp.net",
        "verified": false,
        "name": "baraa",
        "time": "01/05 19:08:41",
        "limit": 0,
        "limitgame": 0,
        "balance": 0,
        "premium": true,
        "xp": 0,
        "level": 0
    },
    {
        "id": "6285798278364@s.whatsapp.net",
        "verified": false,
        "name": "salsa",
        "time": "01/05 20:03:03",
        "limit": 12,
        "limitgame": 14,
        "balance": 0,
        "premium": true,
        "xp": 0,
        "level": 0
    },
    {
        "id": "6282286965977@s.whatsapp.net",
        "verified": false,
        "name": ".",
        "time": "01/05 20:03:03",
        "limit": 1,
        "limitgame": 0,
        "balance": 0,
        "premium": true,
        "xp": 0,
        "level": 0
    },
    {
        "id": "6283122886524@s.whatsapp.net",
        "verified": false,
        "name": "Ruhend",
        "time": "01/05 20:03:03",
        "limit": 0,
        "limitgame": 0,
        "balance": 0,
        "premium": true,
        "xp": 0,
        "level": 0
    },
    {
        "id": "6282149343419@s.whatsapp.net",
        "verified": false,
        "name": "Arya",
        "time": "01/05 20:03:03",
        "limit": 0,
        "limitgame": 0,
        "balance": 0,
        "premium": true,
        "xp": 0,
        "level": 0
    },
    {
        "id": "6285609693846@s.whatsapp.net",
        "verified": false,
        "name": "LUKMAN .",
        "time": "01/05 20:03:03",
        "limit": 13,
        "limitgame": 0,
        "balance": 0,
        "premium": true,
        "xp": 0,
        "level": 0
    },
    {
        "id": "6285892184226@s.whatsapp.net",
        "verified": false,
        "name": "aray",
        "time": "01/05 20:03:03",
        "limit": 0,
        "limitgame": 0,
        "balance": 0,
        "premium": true,
        "xp": 0,
        "level": 0
    },
    {
        "id": "6283870966680@s.whatsapp.net",
        "verified": false,
        "name": "Awa Skizo",
        "time": "01/05 21:36:40",
        "limit": 0,
        "limitgame": 0,
        "balance": 0,
        "premium": true,
        "xp": 0,
        "level": 0
    },
    {
        "id": "628884778489@s.whatsapp.net",
        "verified": false,
        "name": "muhammadfajrialfauzan",
        "time": "01/05 21:36:40",
        "limit": 0,
        "limitgame": 0,
        "balance": 0,
        "premium": true,
        "xp": 0,
        "level": 0
    },
    {
        "id": "6285806941888@s.whatsapp.net",
        "verified": false,
        "name": "a",
        "time": "01/05 21:36:40",
        "limit": 0,
        "limitgame": 0,
        "balance": 0,
        "premium": true,
        "xp": 0,
        "level": 0
    },
    {
        "id": "628885199805@s.whatsapp.net",
        "verified": false,
        "name": "Hawa",
        "time": "01/05 21:36:40",
        "limit": 0,
        "limitgame": 0,
        "balance": 0,
        "premium": true,
        "xp": 0,
        "level": 0
    },
    {
        "id": "6285668495172@s.whatsapp.net",
        "verified": false,
        "name": "dii",
        "time": "01/05 21:36:40",
        "limit": 0,
        "limitgame": 0,
        "balance": 0,
        "premium": true,
        "xp": 0,
        "level": 0
    },
    {
        "id": "6282322378702@s.whatsapp.net",
        "verified": false,
        "name": "Aditya Bayu The Best",
        "time": "02/05 05:13:36",
        "limit": 0,
        "limitgame": 0,
        "balance": 0,
        "premium": true,
        "xp": 0,
        "level": 0
    },
    {
        "id": "62882005316992@s.whatsapp.net",
        "verified": false,
        "name": "chnlgf",
        "time": "02/05 05:13:36",
        "limit": 1,
        "limitgame": 0,
        "balance": 0,
        "premium": true,
        "xp": 0,
        "level": 0
    },
    {
        "id": "628112003365@s.whatsapp.net",
        "verified": false,
        "name": "Mas Dayat",
        "time": "02/05 05:13:36",
        "limit": 0,
        "limitgame": 0,
        "balance": 0,
        "premium": true,
        "xp": 0,
        "level": 0
    },
    {
        "id": "6288242053798@s.whatsapp.net",
        "verified": false,
        "name": "Ya",
        "time": "02/05 10:45:08",
        "limit": 0,
        "limitgame": 0,
        "balance": 0,
        "premium": true,
        "xp": 0,
        "level": 0
    },
    {
        "id": "6281584761724@s.whatsapp.net",
        "verified": false,
        "name": "NC Tech",
        "time": "02/05 10:45:08",
        "limit": 0,
        "limitgame": 0,
        "balance": 0,
        "premium": true,
        "xp": 0,
        "level": 0
    },
    {
        "id": "6285751414996@s.whatsapp.net",
        "verified": false,
        "name": "SarahX7 || Skizo",
        "time": "02/05 10:45:08",
        "limit": 1,
        "limitgame": 0,
        "balance": 0,
        "premium": true,
        "xp": 0,
        "level": 0
    },
    {
        "id": "6281809098728@s.whatsapp.net",
        "verified": false,
        "name": ".",
        "time": "02/05 10:45:08",
        "limit": 0,
        "limitgame": 0,
        "balance": 0,
        "premium": true,
        "xp": 0,
        "level": 0
    },
    {
        "id": "256700447706@s.whatsapp.net",
        "verified": false,
        "name": "Healer",
        "time": "02/05 10:45:08",
        "limit": 0,
        "limitgame": 0,
        "balance": 0,
        "premium": true,
        "xp": 0,
        "level": 0
    },
    {
        "id": "6283160576129@s.whatsapp.net",
        "verified": false,
        "name": "The Nightmare",
        "time": "02/05 19:43:51",
        "limit": 0,
        "limitgame": 0,
        "balance": 0,
        "premium": true,
        "xp": 0,
        "level": 0
    },
    {
        "id": "19292929999@s.whatsapp.net",
        "verified": true,
        "name": "watimmm",
        "time": "02/05 19:43:51",
        "limit": 1,
        "limitgame": 0,
        "balance": 0,
        "premium": true,
        "xp": 0,
        "level": 0
    },
    {
        "id": "62895701701838@s.whatsapp.net",
        "verified": false,
        "name": "Vengki",
        "time": "02/05 20:02:44",
        "limit": 0,
        "limitgame": 0,
        "balance": 0,
        "premium": true,
        "xp": 0,
        "level": 0
    },
    {
        "id": "62895321774134@s.whatsapp.net",
        "verified": false,
        "name": "Ren雨宮~",
        "time": "02/05 20:02:44",
        "limit": 0,
        "limitgame": 0,
        "balance": 0,
        "premium": true,
        "xp": 0,
        "level": 0
    },
    {
        "id": "6285820372547@s.whatsapp.net",
        "verified": false,
        "name": "Mans",
        "time": "02/05 20:02:44",
        "limit": 0,
        "limitgame": 0,
        "balance": 0,
        "premium": true,
        "xp": 0,
        "level": 0
    },
    {
        "id": "62858794669653@s.whatsapp.net",
        "verified": false,
        "name": "𝐹𝑧𝑦𝐵𝑜𝑡-md",
        "time": "02/05 20:02:44",
        "limit": 0,
        "limitgame": 0,
        "balance": 0,
        "premium": true,
        "xp": 0,
        "level": 0
    },
    {
        "id": "6283804341044@s.whatsapp.net",
        "verified": false,
        "name": "rasya",
        "time": "02/05 20:02:44",
        "limit": 7,
        "limitgame": 0,
        "balance": 0,
        "premium": true,
        "xp": 0,
        "level": 0
    },
    {
        "id": "6285712299242@s.whatsapp.net",
        "verified": false,
        "name": "Fanny store",
        "time": "02/05 20:02:44",
        "limit": 0,
        "limitgame": 0,
        "balance": 0,
        "premium": true,
        "xp": 0,
        "level": 0
    },
    {
        "id": "923153580903@s.whatsapp.net",
        "verified": false,
        "name": "DEVBALOCH",
        "time": "02/05 22:15:45",
        "limit": 0,
        "limitgame": 0,
        "balance": 0,
        "premium": true,
        "xp": 0,
        "level": 0
    },
    {
        "id": "6282114454864@s.whatsapp.net",
        "verified": false,
        "name": "Dimas Agung Wiryawan",
        "time": "03/05 05:32:16",
        "limit": 1,
        "limitgame": 0,
        "balance": 0,
        "premium": true,
        "xp": 0,
        "level": 0
    },
    {
        "id": "6282221792667@s.whatsapp.net",
        "verified": false,
        "name": "ㅤ",
        "time": "03/05 05:32:16",
        "limit": 0,
        "limitgame": 0,
        "balance": 0,
        "premium": true,
        "xp": 0,
        "level": 0
    },
    {
        "id": "6282347686373@s.whatsapp.net",
        "verified": false,
        "name": "𝐘𝐚𝐧K͜͡𝐁𝐨𝐭𝐳",
        "time": "03/05 06:45:46",
        "limit": 0,
        "limitgame": 0,
        "balance": 0,
        "premium": true,
        "xp": 0,
        "level": 0
    },
    {
        "id": "6288237173517@s.whatsapp.net",
        "verified": false,
        "name": "111🥀",
        "time": "03/05 07:47:16",
        "limit": 0,
        "limitgame": 0,
        "balance": 0,
        "premium": true,
        "xp": 0,
        "level": 0
    },
    {
        "id": "6282119760716@s.whatsapp.net",
        "verified": false,
        "name": "MYsfN",
        "time": "03/05 09:12:16",
        "limit": 0,
        "limitgame": 0,
        "balance": 0,
        "premium": true,
        "xp": 0,
        "level": 0
    },
    {
        "id": "6281224633911@s.whatsapp.net",
        "verified": false,
        "name": "you know?",
        "time": "03/05 09:12:16",
        "limit": 0,
        "limitgame": 0,
        "balance": 0,
        "premium": true,
        "xp": 0,
        "level": 0
    },
    {
        "id": "628813765707@s.whatsapp.net",
        "verified": false,
        "name": "xqzcv",
        "time": "03/05 10:52:17",
        "limit": 2,
        "limitgame": 0,
        "balance": 0,
        "premium": true,
        "xp": 0,
        "level": 0
    },
    {
        "id": "60177348504@s.whatsapp.net",
        "verified": false,
        "name": "Yosefina 🙏",
        "time": "03/05 11:47:47",
        "limit": 0,
        "limitgame": 0,
        "balance": 0,
        "premium": true,
        "xp": 0,
        "level": 0
    },
    {
        "id": "62831228865240@s.whatsapp.net",
        "verified": false,
        "name": "p nyari seme",
        "time": "03/05 11:47:47",
        "limit": 0,
        "limitgame": 0,
        "balance": 0,
        "premium": true,
        "xp": 0,
        "level": 0
    },
    {
        "id": "6287817971218@s.whatsapp.net",
        "verified": false,
        "name": "B*S*K  Pangan",
        "time": "03/05 11:47:47",
        "limit": 0,
        "limitgame": 0,
        "balance": 0,
        "premium": true,
        "xp": 0,
        "level": 0
    },
    {
        "id": "6287731734225@s.whatsapp.net",
        "verified": false,
        "name": "Kiran",
        "time": "03/05 11:47:47",
        "limit": 2,
        "limitgame": 0,
        "balance": 0,
        "premium": true,
        "xp": 0,
        "level": 0
    },
    {
        "id": "6283192646144@s.whatsapp.net",
        "verified": true,
        "name": "M.S",
        "time": "03/05 11:47:47",
        "limit": 0,
        "limitgame": 0,
        "balance": 0,
        "premium": true,
        "xp": 0,
        "level": 0
    },
    {
        "id": "6289525025200@s.whatsapp.net",
        "verified": false,
        "name": "Taik",
        "time": "03/05 11:47:47",
        "limit": 0,
        "limitgame": 0,
        "balance": 0,
        "premium": true,
        "xp": 0,
        "level": 0
    },
    {
        "id": "6288802601760@s.whatsapp.net",
        "verified": false,
        "name": "Uzumaki Shippuden",
        "time": "03/05 12:39:47",
        "limit": 0,
        "limitgame": 0,
        "balance": 0,
        "premium": true,
        "xp": 0,
        "level": 0
    },
    {
        "id": "6285878176415@s.whatsapp.net",
        "verified": false,
        "name": "NANAA",
        "time": "03/05 12:39:47",
        "limit": 0,
        "limitgame": 0,
        "balance": 0,
        "premium": true,
        "xp": 0,
        "level": 0
    },
    {
        "id": "62882003255681@s.whatsapp.net",
        "verified": false,
        "name": "Golek Opo?",
        "time": "03/05 12:39:47",
        "limit": 1,
        "limitgame": 0,
        "balance": 0,
        "premium": true,
        "xp": 0,
        "level": 0
    },
    {
        "id": "6285241997395@s.whatsapp.net",
        "verified": false,
        "name": "Rell",
        "time": "03/05 13:57:47",
        "limit": 0,
        "limitgame": 0,
        "balance": 0,
        "premium": true,
        "xp": 0,
        "level": 0
    },
    {
        "id": "6281295249122@s.whatsapp.net",
        "verified": false,
        "name": "🗿",
        "time": "03/05 13:57:47",
        "limit": 0,
        "limitgame": 0,
        "balance": 0,
        "premium": true,
        "xp": 0,
        "level": 0
    },
    {
        "id": "6285752659533@s.whatsapp.net",
        "verified": true,
        "name": "~amndana²¹~",
        "time": "03/05 13:57:47",
        "limit": 0,
        "limitgame": 0,
        "balance": 0,
        "premium": true,
        "xp": 0,
        "level": 0
    },
    {
        "id": "6289613164800@s.whatsapp.net",
        "verified": false,
        "name": "Kurap",
        "time": "03/05 13:57:47",
        "limit": 0,
        "limitgame": 0,
        "balance": 0,
        "premium": true,
        "xp": 0,
        "level": 0
    },
    {
        "id": "6288239720977@s.whatsapp.net",
        "verified": false,
        "name": "イヤン",
        "time": "03/05 16:44:19",
        "limit": 5,
        "limitgame": 0,
        "balance": 0,
        "premium": true,
        "xp": 0,
        "level": 0
    },
    {
        "id": "6283857728549@s.whatsapp.net",
        "verified": false,
        "name": "Bocill🐻",
        "time": "03/05 16:44:19",
        "limit": 0,
        "limitgame": 0,
        "balance": 0,
        "premium": true,
        "xp": 0,
        "level": 0
    },
    {
        "id": "6285624853374@s.whatsapp.net",
        "verified": false,
        "name": "~",
        "time": "03/05 16:44:19",
        "limit": 0,
        "limitgame": 0,
        "balance": 0,
        "premium": true,
        "xp": 0,
        "level": 0
    },
    {
        "id": "6285230503023@s.whatsapp.net",
        "verified": false,
        "name": "~Rimyu Exemel",
        "time": "03/05 16:44:19",
        "limit": 0,
        "limitgame": 0,
        "balance": 0,
        "premium": true,
        "xp": 0,
        "level": 0
    },
    {
        "id": "6281252946055@s.whatsapp.net",
        "verified": false,
        "name": ".",
        "time": "03/05 16:44:19",
        "limit": 0,
        "limitgame": 0,
        "balance": 0,
        "premium": true,
        "xp": 0,
        "level": 0
    },
    {
        "id": "628818290663@s.whatsapp.net",
        "verified": false,
        "name": "Salma",
        "time": "03/05 16:44:19",
        "limit": 0,
        "limitgame": 0,
        "balance": 0,
        "premium": true,
        "xp": 0,
        "level": 0
    },
    {
        "id": "6281977880930@s.whatsapp.net",
        "verified": false,
        "name": "Killua",
        "time": "03/05 16:44:19",
        "limit": 1,
        "limitgame": 0,
        "balance": 0,
        "premium": true,
        "xp": 0,
        "level": 0
    },
    {
        "id": "6289696333776@s.whatsapp.net",
        "verified": false,
        "name": "v",
        "time": "03/05 16:44:19",
        "limit": 0,
        "limitgame": 0,
        "balance": 0,
        "premium": true,
        "xp": 0,
        "level": 0
    }
]